packet_count,avg_packet_size,max_packet_size,packet_rate,bytes_per_second,unique_destination_ports,unique_destination_ips,dns_packets,http_packets,https_packets,tcp_packets,udp_packets,other_packets,prediction,anomaly_score
208,527.48,1418,40.68,21459.58,27,22,23,0,163,0,20,2,1,0.06971726593693983
571,666.14,4094,98.81,65824.57,27,20,26,0,329,2,210,4,1,0.06109757082039047
1124,708.02,1414,202.08,143080.7,23,20,32,0,61,0,1031,0,1,0.03895214935046121
1430,788.2,1418,285.96,225394.08,21,20,21,0,53,0,1354,2,1,0.058947104669269335
108,292.43,1296,14.56,4256.28,17,15,0,0,49,0,59,0,1,0.16172629905401215
2529,767.56,1414,505.74,388186.91,19,13,32,0,95,0,2402,0,-1,-0.028339600753149785
2188,766.39,2754,437.55,335335.54,14,14,0,0,90,0,2096,2,1,0.02220265587454484
1319,749.63,1296,197.48,148039.45,11,10,0,0,17,4,1298,0,1,0.10234387657260591
1883,766.0,1414,342.54,262387.8,21,20,4,0,56,0,1823,0,1,0.051236354243449744
1294,748.89,1418,258.49,193583.73,12,10,0,0,49,2,1241,2,1,0.1068120313049471
55,377.02,1414,10.95,4126.61,8,10,0,0,49,0,4,2,1,0.2085588308569717
147,700.14,4094,28.35,19845.94,10,12,0,0,142,0,5,0,1,0.20238752473015154
18,281.11,2774,3.48,978.11,9,8,6,0,12,0,0,0,1,0.18996257965640667
71,690.55,1414,10.72,7402.86,3,4,0,0,67,0,0,4,1,0.18894774600639075
136,380.56,1414,27.19,10348.33,11,11,6,0,44,0,86,0,1,0.19039306769742426
120,633.59,4094,22.31,14138.07,13,11,0,0,97,4,19,0,1,0.19242071543884653
728,737.91,4094,145.17,107118.66,18,17,15,0,75,0,636,2,1,0.12410442391751986
2668,806.64,2514,516.41,416560.14,22,21,19,0,64,0,2583,2,-1,-0.05518199193023787
2438,808.82,4134,487.48,394283.27,15,11,13,0,55,2,2368,0,-1,-0.0026344960780124715
1328,771.92,1296,231.5,178701.9,23,17,24,0,5,0,1299,0,1,0.06024466123481742
2124,1171.17,16374,424.58,497258.86,19,15,14,0,1996,0,114,0,-1,-0.07705710569018542
1429,1081.73,12294,285.72,309068.22,10,12,2,0,947,0,474,6,1,0.053848880725713255
2050,1066.88,13654,409.79,437199.67,8,9,0,0,1492,0,558,0,1,0.010720049110591545
1593,1067.16,13654,305.42,325935.19,23,19,8,0,1243,1,341,0,1,0.008342400046880694
778,817.1,4094,147.75,120722.45,10,8,0,0,88,3,685,2,1,0.15463486832869872
584,768.34,4094,112.66,86560.74,13,15,0,0,83,0,501,0,1,0.15397828541701686
1418,905.85,10934,283.53,256834.85,13,12,4,0,881,0,533,0,1,0.08193090863661034
2157,1187.03,13654,373.56,443423.11,10,12,3,0,2039,0,111,4,-1,-0.028359053585102267
951,772.49,1296,175.29,135409.11,7,9,0,0,11,0,938,2,1,0.13725818470576584
586,794.11,4094,117.11,92994.38,9,11,0,0,92,0,493,1,1,0.17159602314977046
1601,1164.53,13654,252.87,294474.47,23,16,21,0,1203,0,376,1,1,0.010612917127236554
645,732.6,1296,128.34,94022.17,9,9,6,0,7,0,630,2,1,0.1668730256881304
735,750.68,1296,141.3,106075.45,13,13,0,0,17,4,709,5,1,0.1201292267765291
1899,754.98,2514,272.38,205641.29,24,18,8,0,105,0,1786,0,1,0.04873851183007227
650,803.89,4094,129.0,103698.11,12,11,0,0,91,2,557,0,1,0.16991508953858475
832,1127.92,13654,166.4,187680.52,10,9,8,0,768,0,56,0,1,0.07423075377725541
1837,1135.42,13654,359.05,407677.71,8,10,1,0,1180,0,650,6,1,0.031575204622677044
1784,1059.43,10934,356.78,377983.41,11,11,8,0,1038,0,738,0,1,0.06207902490894657
1669,1063.5,15014,333.75,354938.43,13,13,7,0,983,0,679,0,1,0.0662446082006779
1561,1112.78,13654,312.16,347366.06,12,11,8,0,1281,0,272,0,1,0.07480735149434048
2219,1033.71,13654,443.66,458611.59,8,9,0,0,1287,0,932,0,-1,-0.008525573537870978
1546,1169.66,13654,307.61,359800.89,11,9,0,0,1519,4,21,2,1,0.014817702602636262
1711,1073.68,13654,340.91,366027.79,9,10,0,0,938,0,773,0,1,0.06544617207429582
1569,1040.16,13654,313.77,326375.85,12,11,13,0,988,0,568,0,1,0.06583079709000572
1593,1018.38,13654,318.58,324434.56,11,13,4,0,1138,2,445,4,1,0.04396764307555323
539,830.76,6854,107.16,89022.66,5,8,0,0,95,0,442,2,1,0.15203767406530644
1510,1069.83,13654,279.48,298991.23,16,15,0,0,1006,0,504,0,1,0.05821257785221845
1785,1116.18,13654,356.93,398404.19,7,7,8,0,1777,0,0,0,1,1.6442219461287877e-05
2066,1093.74,21814,364.25,398389.47,7,10,7,0,1266,0,785,8,-1,-0.03732983791879829
1424,1154.67,13654,278.58,321670.09,8,9,0,0,954,2,465,3,1,0.050980957506566615
655,943.13,16374,130.97,123521.9,11,13,0,0,467,2,181,5,1,0.07774684568917123
1329,1011.99,12294,225.33,228033.27,16,15,8,8,654,0,657,2,-1,-0.00655488450865882
598,778.54,1296,111.56,86856.12,10,10,8,0,3,2,581,4,1,0.1536707357308137
1289,898.76,15014,257.71,231621.72,13,12,8,0,533,0,743,5,1,0.05984172370285046
2243,1178.14,13654,414.78,488672.1,7,10,0,0,1918,0,322,3,-1,-0.04585241886997715
1350,1004.01,10934,269.96,271045.29,16,13,7,0,1285,0,55,3,1,0.05086523120358877
1474,1122.39,13654,290.2,325720.68,14,11,9,0,1329,0,133,3,1,0.05209808146504413
434,1344.19,13654,75.57,101585.36,8,10,1,0,430,0,0,3,1,0.07897197421540064
364,907.81,8214,72.77,66060.33,10,9,5,0,350,4,0,5,1,0.13114061899581786
401,934.13,10934,72.08,67328.11,6,8,0,0,355,0,37,9,1,0.09958749453246585
384,1213.85,13654,70.46,85529.58,7,8,4,0,378,0,1,1,1,0.10142712048850971
1072,1078.39,13654,164.23,177107.57,12,12,8,0,1001,2,55,6,1,0.04228600874907662
112,546.47,1414,20.48,11193.99,6,7,0,0,43,0,68,1,1,0.2108935104091501
127,659.43,2754,22.19,14631.41,5,8,0,0,89,0,34,4,1,0.19681153722772526
83,653.59,4094,16.4,10717.18,7,10,0,0,81,0,1,1,1,0.20583825983360554
133,874.59,6854,23.72,20745.86,9,9,0,0,118,0,13,2,1,0.18806068158279204
490,1102.11,13654,95.11,104825.15,7,8,0,0,484,4,1,1,1,0.0948172434640891
136,415.93,1418,25.6,10646.47,16,13,16,0,105,0,13,2,1,0.17268282305559335
101,680.99,4094,20.13,13707.16,6,8,0,0,89,0,8,4,1,0.1962832179193824
75,744.36,4094,14.14,10528.49,5,6,0,0,69,2,0,4,1,0.18911834156979956
57,382.65,1418,11.34,4339.56,10,8,12,0,36,0,8,1,1,0.1956469372619068
79,645.87,1418,14.8,9557.34,4,6,0,0,75,0,0,4,1,0.20268232914301065
172,510.65,1418,34.37,17551.82,15,13,15,0,153,0,0,4,1,0.17022745715033338
131,669.37,2774,22.33,14950.16,10,10,1,0,127,0,0,3,1,0.1986520821471886
280,587.13,4094,55.79,32756.23,17,16,8,0,198,2,71,1,1,0.16305731937339174
29,289.83,1414,5.46,1582.57,7,8,0,0,20,2,0,7,1,0.17644297924719898
718,781.4,6778,141.58,110634.0,17,14,23,0,605,0,89,1,1,0.08080180371100854
1041,842.21,1418,208.16,175310.07,16,12,21,0,501,0,516,3,1,0.0810855958947389
1922,760.96,2758,344.67,262282.96,21,18,22,0,667,2,1225,6,-1,-0.0037232389503731866
282,596.13,4094,49.87,29731.34,12,11,8,0,180,0,90,4,1,0.17400136499911933
216,612.35,4094,43.19,26449.03,18,12,8,0,149,0,59,0,1,0.1814094180838119
714,660.52,3734,142.8,94322.33,18,14,4,0,84,0,626,0,1,0.13745547305975764
2390,763.89,1414,477.99,365136.59,15,14,16,0,65,0,2307,2,1,0.016129936666940736
1688,797.12,1414,337.6,269104.95,25,18,32,0,40,2,1610,4,1,0.003675533065383485
324,468.7,1296,59.24,27767.12,19,17,2,0,24,2,296,0,1,0.1344386213724783
2004,842.3,2754,400.7,337509.68,21,9,8,0,57,0,1939,0,1,0.031279362580960646
2678,804.59,1418,535.43,430803.11,33,16,6,0,359,2,2311,0,-1,-0.06756181255323923
1022,808.13,2754,202.86,163937.46,11,9,6,0,38,0,974,4,1,0.12457452855110379
884,819.55,4094,172.85,141662.28,11,12,4,0,183,0,697,0,1,0.15009151439887664
1340,799.16,1296,267.96,214140.09,14,12,4,0,9,0,1327,0,1,0.10849004954513852
1915,865.92,1418,378.95,328140.05,17,17,10,0,84,0,1821,0,1,0.04757768805001705
182,610.1,1296,35.91,21907.11,12,12,8,0,21,0,149,4,1,0.17560074977894286
977,882.42,1296,153.17,135157.8,9,7,0,0,5,8,964,0,1,0.1231714272479536
456,805.23,4094,90.55,72916.69,14,13,8,0,164,0,284,0,1,0.17009127224772413
1138,868.53,1414,197.59,171609.18,9,11,0,0,35,0,1101,2,1,0.11089937869441441
636,873.24,1296,127.16,111039.14,9,7,0,0,8,2,624,2,1,0.1648297056170312
643,881.49,1414,128.58,113339.23,10,10,5,0,37,0,601,0,1,0.16927043575295814
142,702.93,1296,22.97,16147.4,9,8,0,0,19,0,123,0,1,0.20997130338777092
1268,889.38,4094,244.38,217342.9,7,7,0,0,155,0,1113,0,1,0.08722324594430114
131,397.47,4134,26.01,10337.3,17,7,12,0,69,22,28,0,1,0.1466248880088944
1166,808.83,1418,231.57,187300.3,14,10,3,0,18,138,1003,4,-1,-0.00037479566306641843
764,846.44,1418,152.78,129322.84,10,8,1,0,25,11,725,2,1,0.14189599615127518
134,553.81,1296,26.79,14838.44,12,13,0,0,27,0,107,0,1,0.19721331983746365
963,868.7,1296,183.65,159537.19,13,9,8,0,50,2,903,0,1,0.1404609216673992
825,861.86,4094,161.16,138896.59,7,6,0,0,165,0,660,0,1,0.1446186417316882
626,888.58,1296,125.18,111231.59,7,6,0,0,9,4,613,0,1,0.16056862639894937
134,586.55,1414,24.91,14613.59,8,9,10,0,31,0,91,2,1,0.19851629219712552
953,861.18,2754,190.58,164126.1,15,10,12,0,26,0,911,4,1,0.11455954831230702
264,576.17,1514,49.03,28248.05,16,11,14,0,74,0,176,0,1,0.1740681168477749
1086,853.37,8214,191.08,163062.91,19,13,11,0,52,8,1015,0,1,0.07398604855080254
409,858.96,1296,71.0,60983.53,10,9,1,0,12,1,395,0,1,0.18285395817940509
197,719.21,1298,29.49,21210.56,9,7,0,0,7,10,180,0,1,0.1808281432498518
583,658.16,6854,116.57,76724.73,27,14,31,0,353,1,195,3,1,0.04732106025558902
513,721.03,4134,101.16,72939.08,12,16,10,0,107,0,387,9,1,0.09655114012353377
253,676.98,5434,49.79,33705.75,21,17,23,0,222,0,8,0,1,0.11238693407597444
569,876.72,2774,105.96,92896.9,6,7,0,0,32,0,537,0,1,0.16948323312665725
287,663.31,1414,52.92,35105.32,12,15,8,0,85,0,194,0,1,0.17384798538708102
396,833.82,1296,77.95,64996.34,8,8,0,0,9,2,385,0,1,0.18381085458394547
314,716.46,4094,59.76,42813.14,14,12,10,0,203,2,99,0,1,0.1739683679846873
147,685.8,1296,29.4,20160.48,8,10,0,0,19,0,122,6,1,0.18033069254631218
384,774.15,2754,70.7,54730.48,11,10,7,0,37,2,336,2,1,0.1764808759203289
330,901.73,1296,56.57,51013.65,9,10,0,0,16,0,313,1,1,0.17985334255892593
91,681.93,2754,17.1,11660.73,4,4,0,0,83,0,8,0,1,0.19564100497763726
631,891.15,4094,121.98,108705.27,7,7,0,0,93,0,538,0,1,0.16519008601170482
261,816.05,1296,39.41,32162.49,5,5,0,0,3,0,256,2,1,0.1746120138560754
519,864.08,1296,96.44,83330.54,13,12,8,0,15,2,494,0,1,0.1630209591797827
432,893.14,1296,84.79,75733.68,6,6,0,0,10,2,418,2,1,0.17107949661428035
363,841.58,1296,65.1,54786.06,9,8,0,0,17,0,346,0,1,0.18602897175811278
14,294.36,1292,2.63,773.95,5,4,0,0,3,2,9,0,1,0.19076077406741326
641,868.48,1296,123.35,107126.78,9,10,0,0,17,0,624,0,1,0.17557507046620052
24,212.92,1292,4.55,969.16,4,3,0,0,10,0,12,2,1,0.1882528021038069
484,880.34,1296,81.39,71648.98,7,6,0,0,16,0,466,2,1,0.17012284920555448
227,836.88,1296,34.14,28574.99,7,6,0,0,13,0,214,0,1,0.19303496020977146
41,433.68,1296,7.3,3164.3,7,7,4,0,4,2,30,1,1,0.2060189321830082
164,723.95,4094,25.01,18103.92,9,8,0,0,153,2,8,1,1,0.20391723652954435
16,88.19,194,2.91,256.23,5,6,0,0,14,0,0,2,1,0.18975821470811682
9,116.78,482,1.29,150.31,5,5,0,0,7,2,0,0,1,0.1867409335480405
12,114.17,417,2.21,252.29,6,6,0,0,12,0,0,0,1,0.19865202471730575
5,103.8,194,0.97,100.38,2,3,0,0,5,0,0,0,1,0.17138298928778584
14,193.43,1292,2.55,493.73,4,5,0,0,13,0,1,0,1,0.20251287597176149
72,410.71,1296,14.39,5909.69,5,5,0,0,11,0,61,0,1,0.20028796244183272
43,345.07,1414,8.58,2959.3,11,9,8,0,24,2,8,1,1,0.2002826538042633
111,474.85,5434,21.67,10289.55,15,11,14,0,67,2,23,5,1,0.15035167797121718
21,147.33,417,2.98,439.21,9,8,4,7,10,0,0,0,1,0.11714426911290798
28,206.86,1286,4.41,911.3,7,7,0,0,7,2,19,0,1,0.201719362512699
187,740.41,4094,37.36,27660.88,8,7,6,0,145,0,36,0,1,0.1985102627163327
51,372.57,1414,8.49,3163.33,4,5,0,0,31,0,18,2,1,0.20656788486775757
38,414.63,1414,6.66,2760.05,7,4,4,0,34,0,0,0,1,0.2010926392889732
23,167.13,1286,4.43,739.81,5,8,0,0,11,0,8,4,1,0.19827416203734588
9,90.67,146,1.47,133.29,5,4,0,0,6,3,0,0,1,0.1734886957033856
161,830.27,4094,20.85,17310.75,5,3,0,0,160,1,0,0,1,0.1773377594069046
15,93.87,194,2.98,279.75,6,6,0,0,12,3,0,0,1,0.1880171741415208
10,149.8,482,1.66,248.55,6,5,0,0,9,1,0,0,1,0.1970456034700846
82,405.49,1296,14.32,5808.39,11,9,10,3,9,0,59,1,1,0.150208606475716
252,594.0,4094,50.38,29928.78,12,12,8,0,148,0,93,3,1,0.17577216869091666
59,621.17,4094,7.23,4488.18,5,4,0,0,58,1,0,0,1,0.19484494386340712
500,606.37,2774,99.68,60445.05,24,18,43,0,432,3,22,0,1,0.04440279676590142
114,376.06,1418,19.07,7172.74,15,11,10,0,41,2,59,2,1,0.1805100324804636
117,740.26,4094,22.17,16408.81,9,7,0,0,115,0,0,2,1,0.20961719670518003
70,760.57,5434,10.5,7987.64,7,4,0,0,68,2,0,0,1,0.18678060782942363
94,593.54,1418,15.55,9232.09,5,6,0,0,91,3,0,0,1,0.21095140556635955
46,602.3,1414,8.93,5376.45,6,5,0,0,43,1,0,2,1,0.21253847177497226
154,666.08,4094,27.82,18527.67,12,12,4,0,147,0,0,3,1,0.1860126976564302
276,819.16,4094,51.08,41845.08,9,9,0,0,247,1,25,3,1,0.1732048763888327
80,736.58,4098,11.63,8565.19,7,5,0,0,78,2,0,0,1,0.20451062427069705
40,439.95,4134,7.95,3497.81,12,8,10,0,28,2,0,0,1,0.18525457166230258
455,770.93,2774,85.44,65867.94,15,12,14,0,423,0,18,0,1,0.15673910731557367
339,770.94,4094,61.37,47316.34,13,10,14,0,320,4,0,1,1,0.1573195853403015
53,535.25,1418,10.21,5464.29,5,5,0,0,49,2,0,2,1,0.2122094494823838
11,91.36,194,1.48,135.62,3,4,0,0,9,0,0,2,1,0.179627292407877
5,346.2,1414,0.85,295.45,4,4,0,0,4,1,0,0,1,0.1919799497103259
180,781.89,4094,31.8,24864.37,5,4,0,0,180,0,0,0,1,0.187301702978468
46,228.22,1418,9.2,2099.04,18,10,14,0,24,8,0,0,1,0.15272794988631683
228,285.13,1418,44.02,12552.33,15,13,0,0,163,26,34,5,1,0.11865767830988194
298,837.15,9458,59.59,49884.09,17,15,10,0,222,1,64,1,1,0.12193043311911894
629,528.02,4094,125.8,66423.45,41,15,26,0,410,2,191,0,1,0.029050736668789545
348,263.99,2754,68.69,18134.26,54,30,33,0,185,81,31,18,-1,-0.12451574689218514
216,301.06,2758,26.98,8123.21,38,15,35,12,79,85,5,0,-1,-0.04536548981432398
225,325.11,2762,44.9,14597.53,38,19,58,0,127,20,20,0,-1,-0.014170679435776323
65,432.32,1414,10.73,4640.63,20,12,0,0,38,0,21,6,1,0.1439276787894221
7,296.0,1414,1.13,334.47,3,4,0,0,7,0,0,0,1,0.193352287421361
1564,896.87,9458,312.67,280426.99,8,8,8,0,1526,0,30,0,1,0.03671251628817873
376,752.47,4098,63.28,47613.4,7,7,0,0,374,0,0,2,1,0.18007803102679837
118,589.74,1418,23.59,13910.07,10,8,4,0,95,0,19,0,1,0.2157081603292249
201,524.08,1418,40.15,21044.15,21,11,12,0,116,14,57,2,1,0.14965321337925003
17,93.65,194,2.51,234.66,6,8,0,0,9,4,0,4,1,0.1778074890846842
250,754.68,4094,49.74,37539.26,4,4,0,0,250,0,0,0,1,0.17258560649253574
451,771.86,5438,89.49,69072.97,10,9,2,0,449,0,0,0,1,0.16803236988871506
444,685.37,4098,72.08,49403.87,9,9,4,0,436,0,0,4,1,0.16379222429009732
54,537.67,1414,10.71,5758.06,10,9,4,0,49,1,0,0,1,0.21813347165483127
94,468.5,2774,15.46,7242.75,8,9,0,0,89,2,1,2,1,0.20530170194286074
173,778.64,4094,32.42,25245.99,10,9,0,0,161,1,9,2,1,0.20145501434820667
100,758.72,1418,18.05,13696.64,4,3,0,0,99,1,0,0,1,0.19106117092880093
66,497.82,1418,9.85,4904.0,9,6,0,0,61,5,0,0,1,0.21159329672642335
101,481.5,2754,18.62,8967.01,11,9,6,0,92,3,0,0,1,0.20322640872362974
160,517.43,2758,30.06,15552.72,12,12,4,0,122,1,27,6,1,0.17067786173618643
277,691.68,5494,52.54,36342.73,17,9,15,0,262,0,0,0,1,0.16425561525090093
436,614.78,1418,86.73,53321.44,20,7,16,0,42,97,281,0,1,0.05670881900041336
124,483.7,1418,24.72,11956.28,9,8,5,0,89,30,0,0,1,0.17084136671283673
182,344.52,2754,30.77,10599.45,21,16,25,38,111,4,0,4,-1,-1.345272501385164e-05
110,570.71,1418,19.72,11251.81,11,7,8,0,69,4,29,0,1,0.20747708518337604
291,646.9,4094,57.97,37500.16,12,8,0,0,283,6,0,2,1,0.1808425029984213
63,238.54,1294,12.34,2944.65,9,9,0,0,25,4,32,2,1,0.19874743701336012
42,321.6,1414,6.64,2134.09,12,8,0,0,28,1,13,0,1,0.20423292135112153
56,385.23,1414,8.62,3321.57,10,10,0,0,44,2,10,0,1,0.20869872084797836
62,737.29,1414,11.94,8802.3,7,7,0,0,56,5,0,1,1,0.20691584833147691
108,817.11,4094,10.68,8723.18,4,6,0,0,106,1,0,1,1,0.19390164801710608
45,277.98,1298,8.61,2392.74,11,7,6,0,11,8,20,0,1,0.19057985094451252
19,87.74,194,3.44,301.43,8,6,0,0,9,6,0,4,1,0.16922423696796196
192,568.8,2518,35.46,20172.07,19,15,15,12,165,0,0,0,1,0.09163941993521985
181,652.14,4094,27.71,18071.87,11,11,8,0,169,0,0,4,1,0.18739158232471503
48,299.4,1298,9.08,2717.71,13,9,4,0,22,0,22,0,1,0.19987824856109238
28,496.14,1296,4.77,2365.98,2,3,0,0,1,0,25,2,1,0.17895907433615432
12,207.17,234,2.25,466.44,8,7,0,0,2,0,10,0,1,0.1949990066546995
202,740.16,4094,39.47,29212.06,6,6,0,0,202,0,0,0,1,0.19928225896354934
39,427.85,1418,7.78,3328.9,6,8,0,0,39,0,0,0,1,0.21983820107011248
38,470.95,1418,5.46,2573.17,8,5,0,0,32,6,0,0,1,0.20386443143259309
236,864.75,8118,47.02,40659.88,5,6,0,0,236,0,0,0,1,0.1686703937033412
386,526.94,5494,75.29,39673.06,17,8,12,0,317,24,32,1,1,0.1118502701405063
352,692.98,5494,67.27,46615.14,14,11,7,0,342,0,0,3,1,0.16332758351273552
183,808.39,5434,24.44,19757.56,11,9,9,0,174,0,0,0,1,0.19208793853812323
112,621.18,1418,18.28,11353.03,6,7,0,0,108,0,0,4,1,0.20508036384209755
3,108.0,144,0.59,64.24,2,3,0,0,3,0,0,0,1,0.16698069580884656
35,744.49,1414,5.07,3774.0,3,3,0,0,35,0,0,0,1,0.1847465858757601
145,712.14,4094,26.23,18677.69,14,12,0,0,130,6,9,0,1,0.18865291207834334
10,174.1,482,1.47,255.55,4,5,0,0,7,0,1,2,1,0.19478789343759106
74,397.28,1414,14.27,5670.32,10,10,7,0,44,0,23,0,1,0.20645250485413358
11,91.36,150,1.77,161.72,4,6,0,0,7,0,0,4,1,0.17973869199680637
175,670.85,4094,28.51,19127.15,12,8,6,0,149,0,19,1,1,0.20310890267404513
38,394.89,1294,5.88,2320.77,7,6,4,0,10,0,23,1,1,0.20419144819541019
68,489.19,1418,12.17,5951.38,10,8,15,0,53,0,0,0,1,0.19791804325361634
19,93.21,162,3.79,353.7,10,6,4,0,7,6,0,2,1,0.16463285974091812
14,187.14,1414,1.52,285.23,4,5,0,0,14,0,0,0,1,0.20220651692859437
44,526.55,1414,8.8,4633.59,4,5,0,0,44,0,0,0,1,0.21547589918872467
25,126.76,505,4.12,522.04,7,6,0,0,25,0,0,0,1,0.19770578021407909
82,439.49,1418,16.29,7157.36,12,12,0,0,72,0,10,0,1,0.20242939634324064
85,530.81,1418,16.97,9009.4,6,7,1,0,80,0,0,4,1,0.20599961554366947
81,507.09,1418,12.6,6388.79,8,8,6,0,73,0,0,2,1,0.21466095350039238
137,835.77,4094,27.2,22730.88,5,5,0,0,137,0,0,0,1,0.19915650995687145
387,792.42,10798,71.78,56877.22,8,5,0,0,381,6,0,0,1,0.13733190761194863
204,692.56,2758,35.55,24617.45,7,5,0,0,204,0,0,0,1,0.1978809905618466
76,606.86,1418,13.32,8084.68,6,8,4,0,70,0,0,2,1,0.2156481904189862
83,421.24,1418,16.04,6754.71,9,10,0,0,81,0,0,2,1,0.21093226539271098
306,849.86,6854,33.4,28382.93,10,9,0,0,306,0,0,0,1,0.1753413119142324
59,642.05,1418,9.7,6227.06,4,4,0,0,59,0,0,0,1,0.2087269261341007
71,697.83,5494,14.0,9766.15,4,5,0,0,71,0,0,0,1,0.20069438573782866
230,613.74,4094,45.5,27927.66,25,17,11,0,178,6,33,2,1,0.12510199790980076
35,466.34,1418,6.31,2943.03,4,7,0,0,28,2,0,5,1,0.19122690719919228
9,164.22,482,1.38,227.01,5,5,0,0,9,0,0,0,1,0.19855427128526992
50,561.74,1418,7.26,4078.08,5,5,0,0,50,0,0,0,1,0.21615549862188282
103,783.51,4094,13.37,10473.02,5,5,8,0,94,0,0,1,1,0.19120536778027658
28,104.75,359,5.32,557.45,7,10,0,0,9,0,6,13,1,0.10969299192145282
62,465.35,1414,11.41,5309.57,9,7,8,0,29,0,23,2,1,0.20257834788120893
7,127.86,417,1.3,166.17,3,5,0,0,5,0,0,2,1,0.19010571156110656
171,495.36,4094,28.82,14275.44,15,11,18,0,106,6,40,1,1,0.1673491402018088
7,82.14,102,1.35,110.93,3,5,0,0,6,0,0,1,1,0.18241689214546386
2,148.0,230,0.28,41.33,2,2,0,0,1,0,1,0,1,0.15678126435514284
20,157.55,234,3.85,606.36,9,9,0,0,11,0,9,0,1,0.19493027399214835
110,707.34,2754,19.05,13475.06,7,4,0,0,108,0,0,2,1,0.1976212890203794
8,101.88,194,1.29,131.01,3,4,0,0,8,0,0,0,1,0.18436092422840644
83,576.54,1418,14.78,8520.03,8,7,0,0,83,0,0,0,1,0.22030391661987297
23,75.57,117,4.56,344.76,5,7,0,0,20,0,0,3,1,0.18109798449177916
20,92.8,194,3.77,349.92,9,7,0,0,13,6,0,1,1,0.1816179477801554
121,524.55,2758,20.35,10673.2,9,8,12,0,83,0,24,2,1,0.1953256298087639
57,539.33,1418,10.12,5460.7,4,4,0,0,55,0,0,2,1,0.20752079499696818
56,488.45,1414,8.97,4383.69,5,4,0,0,56,0,0,0,1,0.20936625193517894
94,845.6,4094,17.31,14636.3,4,5,0,0,94,0,0,0,1,0.1976513972665454
52,556.12,1418,8.68,4827.75,5,5,1,0,51,0,0,0,1,0.21157507488152044
63,228.94,2762,12.08,2764.46,14,12,7,0,44,0,10,2,1,0.17176357282185667
95,520.84,6854,15.33,7985.97,14,8,12,0,78,1,0,4,1,0.14695921429184622
172,693.31,4094,33.29,23079.38,12,9,0,0,167,5,0,0,1,0.19785042794067914
148,870.99,10794,27.63,24066.4,9,8,6,0,142,0,0,0,1,0.17115555638994057
40,448.15,1418,7.4,3314.55,6,5,0,0,36,0,0,4,1,0.20264307826235833
60,517.3,1418,11.61,6005.72,6,8,0,0,60,0,0,0,1,0.22355116632895766
64,504.22,1418,12.43,6266.75,9,9,4,0,60,0,0,0,1,0.22081824870933325
437,785.05,12138,87.18,68442.7,6,7,0,0,435,0,0,2,1,0.14619199992272186
137,639.2,12138,26.98,17247.37,4,5,0,0,135,0,0,2,1,0.1508964874141988
112,688.74,1418,19.75,13601.03,4,5,0,0,112,0,0,0,1,0.20950945056460918
149,573.17,1418,29.37,16836.26,16,12,4,0,113,6,26,0,1,0.19256756263040903
173,785.51,4094,33.16,26045.13,5,5,0,0,171,0,0,2,1,0.19421432891727164
13,144.23,230,2.57,370.8,7,8,0,0,8,0,5,0,1,0.19707642820025245
68,582.31,1418,11.2,6522.69,8,8,0,0,63,0,5,0,1,0.22148492265755182
73,614.67,1418,7.84,4818.57,3,3,0,0,73,0,0,0,1,0.19793057258550628
12,107.67,194,2.31,248.6,5,4,0,0,12,0,0,0,1,0.19017419637680716
13,153.46,482,1.39,213.32,3,5,0,0,11,0,0,2,1,0.19302754098790037
99,538.02,1418,18.16,9771.54,14,9,8,0,85,6,0,0,1,0.20293877619737993
60,517.2,1418,9.0,4656.61,5,5,0,0,56,0,0,4,1,0.20317854962791382
99,481.08,1418,17.68,8505.7,6,6,0,0,97,0,0,2,1,0.21421412572864412
58,536.17,1418,10.49,5624.85,5,4,0,0,58,0,0,0,1,0.2101733796669673
69,618.71,1418,13.62,8427.6,9,8,1,0,68,0,0,0,1,0.22195032156268557
96,718.95,4094,18.84,13545.49,11,9,7,0,62,0,27,0,1,0.20540024213608465
65,434.88,1414,8.13,3537.36,9,8,0,0,55,0,6,4,1,0.20593718809749417
32,288.97,1414,4.89,1412.1,10,9,6,0,25,1,0,0,1,0.2025105035456229
114,704.39,4094,13.95,9828.21,10,8,0,0,105,5,0,4,1,0.18934968291467885
374,777.4,3738,60.06,46693.81,12,6,0,0,373,0,0,1,1,0.17495660467567264
44,382.2,1296,7.47,2856.31,7,8,8,0,8,0,26,2,1,0.19923837055847715
194,818.22,2754,38.7,31666.37,12,10,8,0,185,0,0,1,1,0.1901792594120822
320,820.61,5434,63.3,51945.71,12,10,2,0,316,0,0,2,1,0.1731224342004965
354,767.86,9458,70.09,53818.36,5,5,0,0,354,0,0,0,1,0.15314374499733396
168,500.89,5438,32.92,16490.12,11,10,9,0,159,0,0,0,1,0.18629362830220458
119,532.39,1418,22.61,12035.46,9,6,0,0,109,6,0,4,1,0.19799132989801516
62,628.55,1418,12.4,7791.91,10,9,4,0,52,0,4,2,1,0.21552061276530127
142,764.49,4094,22.33,17073.76,10,8,0,0,133,3,6,0,1,0.20632261194028045
17,187.24,1414,2.86,536.0,6,7,0,0,14,1,0,2,1,0.2025817007544664
41,627.44,1418,6.19,3882.42,4,3,0,0,39,1,0,1,1,0.19666430919958672
35,455.8,1414,6.27,2856.9,4,6,0,0,34,0,0,1,1,0.2109902552807767
268,649.06,4094,51.85,33655.46,12,10,8,0,236,0,23,1,1,0.19066582062781617
7,74.71,102,1.4,104.53,4,4,0,0,6,0,0,1,1,0.17738869318417727
28,331.68,3734,5.35,1774.5,9,5,0,0,21,6,0,1,1,0.18074826414647044
99,517.96,1418,19.76,10236.06,10,8,8,0,68,0,22,1,1,0.21233427944116318
