packet_count,avg_packet_size,max_packet_size,packet_rate,bytes_per_second,unique_destination_ports,unique_destination_ips,dns_packets,http_packets,https_packets,tcp_packets,udp_packets,other_packets,prediction,anomaly_score,risk_score,risk_level,is_anomaly,reasons
208,527.48,1418,40.68,21459.58,27,22,23,0,163,0,20,2,1,0.0697172659369398,30,MEDIUM,False,Large number of destination ports; High destination IP diversity
571,666.14,4094,98.81,65824.57,27,20,26,0,329,2,210,4,1,0.0610975708203904,30,MEDIUM,False,Large number of destination ports; High destination IP diversity
1124,708.02,1414,202.08,143080.7,23,20,32,0,61,0,1031,0,1,0.0389521493504612,30,MEDIUM,False,Large number of destination ports; High destination IP diversity
1430,788.2,1418,285.96,225394.08,21,20,21,0,53,0,1354,2,1,0.0589471046692693,10,LOW,False,High destination IP diversity
108,292.43,1296,14.56,4256.28,17,15,0,0,49,0,59,0,1,0.1617262990540121,0,LOW,False,
2529,767.56,1414,505.74,388186.91,19,13,32,0,95,0,2402,0,-1,-0.0283396007531497,80,CRITICAL,True,ML model detected unusual traffic; High packet rate; High bandwidth usage
2188,766.39,2754,437.55,335335.54,14,14,0,0,90,0,2096,2,1,0.0222026558745448,40,MEDIUM,False,High packet rate; High bandwidth usage
1319,749.63,1296,197.48,148039.45,11,10,0,0,17,4,1298,0,1,0.1023438765726059,0,LOW,False,
1883,766.0,1414,342.54,262387.8,21,20,4,0,56,0,1823,0,1,0.0512363542434497,30,MEDIUM,False,High packet rate; High destination IP diversity
1294,748.89,1418,258.49,193583.73,12,10,0,0,49,2,1241,2,1,0.1068120313049471,0,LOW,False,
55,377.02,1414,10.95,4126.61,8,10,0,0,49,0,4,2,1,0.2085588308569717,0,LOW,False,
147,700.14,4094,28.35,19845.94,10,12,0,0,142,0,5,0,1,0.2023875247301515,0,LOW,False,
18,281.11,2774,3.48,978.11,9,8,6,0,12,0,0,0,1,0.1899625796564066,0,LOW,False,
71,690.55,1414,10.72,7402.86,3,4,0,0,67,0,0,4,1,0.1889477460063907,0,LOW,False,
136,380.56,1414,27.19,10348.33,11,11,6,0,44,0,86,0,1,0.1903930676974242,0,LOW,False,
120,633.59,4094,22.31,14138.07,13,11,0,0,97,4,19,0,1,0.1924207154388465,0,LOW,False,
728,737.91,4094,145.17,107118.66,18,17,15,0,75,0,636,2,1,0.1241044239175198,10,LOW,False,High destination IP diversity
2668,806.64,2514,516.41,416560.14,22,21,19,0,64,0,2583,2,-1,-0.0551819919302378,100,CRITICAL,True,ML model detected unusual traffic; High packet rate; High bandwidth usage; Large number of destination ports; High destination IP diversity
2438,808.82,4134,487.48,394283.27,15,11,13,0,55,2,2368,0,-1,-0.0026344960780124,80,CRITICAL,True,ML model detected unusual traffic; High packet rate; High bandwidth usage
1328,771.92,1296,231.5,178701.9,23,17,24,0,5,0,1299,0,1,0.0602446612348174,30,MEDIUM,False,Large number of destination ports; High destination IP diversity
2124,1171.17,16374,424.58,497258.86,19,15,14,0,1996,0,114,0,-1,-0.0770571056901854,80,CRITICAL,True,ML model detected unusual traffic; High packet rate; High bandwidth usage
1429,1081.73,12294,285.72,309068.22,10,12,2,0,947,0,474,6,1,0.0538488807257132,0,LOW,False,
2050,1066.88,13654,409.79,437199.67,8,9,0,0,1492,0,558,0,1,0.0107200491105915,40,MEDIUM,False,High packet rate; High bandwidth usage
1593,1067.16,13654,305.42,325935.19,23,19,8,0,1243,1,341,0,1,0.0083424000468806,50,MEDIUM,False,High bandwidth usage; Large number of destination ports; High destination IP diversity
778,817.1,4094,147.75,120722.45,10,8,0,0,88,3,685,2,1,0.1546348683286987,0,LOW,False,
584,768.34,4094,112.66,86560.74,13,15,0,0,83,0,501,0,1,0.1539782854170168,0,LOW,False,
1418,905.85,10934,283.53,256834.85,13,12,4,0,881,0,533,0,1,0.0819309086366103,0,LOW,False,
2157,1187.03,13654,373.56,443423.11,10,12,3,0,2039,0,111,4,-1,-0.0283590535851022,80,CRITICAL,True,ML model detected unusual traffic; High packet rate; High bandwidth usage
951,772.49,1296,175.29,135409.11,7,9,0,0,11,0,938,2,1,0.1372581847057658,0,LOW,False,
586,794.11,4094,117.11,92994.38,9,11,0,0,92,0,493,1,1,0.1715960231497704,0,LOW,False,
1601,1164.53,13654,252.87,294474.47,23,16,21,0,1203,0,376,1,1,0.0106129171272365,20,LOW,False,Large number of destination ports
645,732.6,1296,128.34,94022.17,9,9,6,0,7,0,630,2,1,0.1668730256881304,0,LOW,False,
735,750.68,1296,141.3,106075.45,13,13,0,0,17,4,709,5,1,0.1201292267765291,0,LOW,False,
1899,754.98,2514,272.38,205641.29,24,18,8,0,105,0,1786,0,1,0.0487385118300722,30,MEDIUM,False,Large number of destination ports; High destination IP diversity
650,803.89,4094,129.0,103698.11,12,11,0,0,91,2,557,0,1,0.1699150895385847,0,LOW,False,
832,1127.92,13654,166.4,187680.52,10,9,8,0,768,0,56,0,1,0.0742307537772554,0,LOW,False,
1837,1135.42,13654,359.05,407677.71,8,10,1,0,1180,0,650,6,1,0.031575204622677,40,MEDIUM,False,High packet rate; High bandwidth usage
1784,1059.43,10934,356.78,377983.41,11,11,8,0,1038,0,738,0,1,0.0620790249089465,40,MEDIUM,False,High packet rate; High bandwidth usage
1669,1063.5,15014,333.75,354938.43,13,13,7,0,983,0,679,0,1,0.0662446082006779,40,MEDIUM,False,High packet rate; High bandwidth usage
1561,1112.78,13654,312.16,347366.06,12,11,8,0,1281,0,272,0,1,0.0748073514943404,20,LOW,False,High bandwidth usage
2219,1033.71,13654,443.66,458611.59,8,9,0,0,1287,0,932,0,-1,-0.0085255735378709,80,CRITICAL,True,ML model detected unusual traffic; High packet rate; High bandwidth usage
1546,1169.66,13654,307.61,359800.89,11,9,0,0,1519,4,21,2,1,0.0148177026026362,20,LOW,False,High bandwidth usage
1711,1073.68,13654,340.91,366027.79,9,10,0,0,938,0,773,0,1,0.0654461720742958,40,MEDIUM,False,High packet rate; High bandwidth usage
1569,1040.16,13654,313.77,326375.85,12,11,13,0,988,0,568,0,1,0.0658307970900057,40,MEDIUM,False,High packet rate; High bandwidth usage
1593,1018.38,13654,318.58,324434.56,11,13,4,0,1138,2,445,4,1,0.0439676430755532,20,LOW,False,High packet rate
539,830.76,6854,107.16,89022.66,5,8,0,0,95,0,442,2,1,0.1520376740653064,0,LOW,False,
1510,1069.83,13654,279.48,298991.23,16,15,0,0,1006,0,504,0,1,0.0582125778522184,0,LOW,False,
1785,1116.18,13654,356.93,398404.19,7,7,8,0,1777,0,0,0,1,1.6442219461287877e-05,40,MEDIUM,False,High packet rate; High bandwidth usage
2066,1093.74,21814,364.25,398389.47,7,10,7,0,1266,0,785,8,-1,-0.0373298379187982,80,CRITICAL,True,ML model detected unusual traffic; High packet rate; High bandwidth usage
1424,1154.67,13654,278.58,321670.09,8,9,0,0,954,2,465,3,1,0.0509809575065666,0,LOW,False,
655,943.13,16374,130.97,123521.9,11,13,0,0,467,2,181,5,1,0.0777468456891712,0,LOW,False,
1329,1011.99,12294,225.33,228033.27,16,15,8,8,654,0,657,2,-1,-0.0065548845086588,40,MEDIUM,True,ML model detected unusual traffic
598,778.54,1296,111.56,86856.12,10,10,8,0,3,2,581,4,1,0.1536707357308137,0,LOW,False,
1289,898.76,15014,257.71,231621.72,13,12,8,0,533,0,743,5,1,0.0598417237028504,0,LOW,False,
2243,1178.14,13654,414.78,488672.1,7,10,0,0,1918,0,322,3,-1,-0.0458524188699771,80,CRITICAL,True,ML model detected unusual traffic; High packet rate; High bandwidth usage
1350,1004.01,10934,269.96,271045.29,16,13,7,0,1285,0,55,3,1,0.0508652312035887,0,LOW,False,
1474,1122.39,13654,290.2,325720.68,14,11,9,0,1329,0,133,3,1,0.0520980814650441,20,LOW,False,High bandwidth usage
434,1344.19,13654,75.57,101585.36,8,10,1,0,430,0,0,3,1,0.0789719742154006,0,LOW,False,
364,907.81,8214,72.77,66060.33,10,9,5,0,350,4,0,5,1,0.1311406189958178,0,LOW,False,
401,934.13,10934,72.08,67328.11,6,8,0,0,355,0,37,9,1,0.0995874945324658,0,LOW,False,
384,1213.85,13654,70.46,85529.58,7,8,4,0,378,0,1,1,1,0.1014271204885097,0,LOW,False,
1072,1078.39,13654,164.23,177107.57,12,12,8,0,1001,2,55,6,1,0.0422860087490766,0,LOW,False,
112,546.47,1414,20.48,11193.99,6,7,0,0,43,0,68,1,1,0.2108935104091501,0,LOW,False,
127,659.43,2754,22.19,14631.41,5,8,0,0,89,0,34,4,1,0.1968115372277252,0,LOW,False,
83,653.59,4094,16.4,10717.18,7,10,0,0,81,0,1,1,1,0.2058382598336055,0,LOW,False,
133,874.59,6854,23.72,20745.86,9,9,0,0,118,0,13,2,1,0.188060681582792,0,LOW,False,
490,1102.11,13654,95.11,104825.15,7,8,0,0,484,4,1,1,1,0.0948172434640891,0,LOW,False,
136,415.93,1418,25.6,10646.47,16,13,16,0,105,0,13,2,1,0.1726828230555933,0,LOW,False,
101,680.99,4094,20.13,13707.16,6,8,0,0,89,0,8,4,1,0.1962832179193824,0,LOW,False,
75,744.36,4094,14.14,10528.49,5,6,0,0,69,2,0,4,1,0.1891183415697995,0,LOW,False,
57,382.65,1418,11.34,4339.56,10,8,12,0,36,0,8,1,1,0.1956469372619068,0,LOW,False,
79,645.87,1418,14.8,9557.34,4,6,0,0,75,0,0,4,1,0.2026823291430106,0,LOW,False,
172,510.65,1418,34.37,17551.82,15,13,15,0,153,0,0,4,1,0.1702274571503333,0,LOW,False,
131,669.37,2774,22.33,14950.16,10,10,1,0,127,0,0,3,1,0.1986520821471886,0,LOW,False,
280,587.13,4094,55.79,32756.23,17,16,8,0,198,2,71,1,1,0.1630573193733917,0,LOW,False,
29,289.83,1414,5.46,1582.57,7,8,0,0,20,2,0,7,1,0.1764429792471989,0,LOW,False,
718,781.4,6778,141.58,110634.0,17,14,23,0,605,0,89,1,1,0.0808018037110085,0,LOW,False,
1041,842.21,1418,208.16,175310.07,16,12,21,0,501,0,516,3,1,0.0810855958947389,0,LOW,False,
1922,760.96,2758,344.67,262282.96,21,18,22,0,667,2,1225,6,-1,-0.0037232389503731,70,HIGH,True,ML model detected unusual traffic; High packet rate; High destination IP diversity
282,596.13,4094,49.87,29731.34,12,11,8,0,180,0,90,4,1,0.1740013649991193,0,LOW,False,
216,612.35,4094,43.19,26449.03,18,12,8,0,149,0,59,0,1,0.1814094180838119,0,LOW,False,
714,660.52,3734,142.8,94322.33,18,14,4,0,84,0,626,0,1,0.1374554730597576,0,LOW,False,
2390,763.89,1414,477.99,365136.59,15,14,16,0,65,0,2307,2,1,0.0161299366669407,40,MEDIUM,False,High packet rate; High bandwidth usage
1688,797.12,1414,337.6,269104.95,25,18,32,0,40,2,1610,4,1,0.0036755330653834,50,MEDIUM,False,High packet rate; Large number of destination ports; High destination IP diversity
324,468.7,1296,59.24,27767.12,19,17,2,0,24,2,296,0,1,0.1344386213724783,10,LOW,False,High destination IP diversity
2004,842.3,2754,400.7,337509.68,21,9,8,0,57,0,1939,0,1,0.0312793625809606,40,MEDIUM,False,High packet rate; High bandwidth usage
2678,804.59,1418,535.43,430803.11,33,16,6,0,359,2,2311,0,-1,-0.0675618125532392,100,CRITICAL,True,ML model detected unusual traffic; High packet rate; High bandwidth usage; Large number of destination ports
1022,808.13,2754,202.86,163937.46,11,9,6,0,38,0,974,4,1,0.1245745285511037,0,LOW,False,
884,819.55,4094,172.85,141662.28,11,12,4,0,183,0,697,0,1,0.1500915143988766,0,LOW,False,
1340,799.16,1296,267.96,214140.09,14,12,4,0,9,0,1327,0,1,0.1084900495451385,0,LOW,False,
1915,865.92,1418,378.95,328140.05,17,17,10,0,84,0,1821,0,1,0.047577688050017,50,MEDIUM,False,High packet rate; High bandwidth usage; High destination IP diversity
182,610.1,1296,35.91,21907.11,12,12,8,0,21,0,149,4,1,0.1756007497789428,0,LOW,False,
977,882.42,1296,153.17,135157.8,9,7,0,0,5,8,964,0,1,0.1231714272479536,0,LOW,False,
456,805.23,4094,90.55,72916.69,14,13,8,0,164,0,284,0,1,0.1700912722477241,0,LOW,False,
1138,868.53,1414,197.59,171609.18,9,11,0,0,35,0,1101,2,1,0.1108993786944144,0,LOW,False,
636,873.24,1296,127.16,111039.14,9,7,0,0,8,2,624,2,1,0.1648297056170312,0,LOW,False,
643,881.49,1414,128.58,113339.23,10,10,5,0,37,0,601,0,1,0.1692704357529581,0,LOW,False,
142,702.93,1296,22.97,16147.4,9,8,0,0,19,0,123,0,1,0.2099713033877709,0,LOW,False,
1268,889.38,4094,244.38,217342.9,7,7,0,0,155,0,1113,0,1,0.0872232459443011,0,LOW,False,
131,397.47,4134,26.01,10337.3,17,7,12,0,69,22,28,0,1,0.1466248880088944,0,LOW,False,
1166,808.83,1418,231.57,187300.3,14,10,3,0,18,138,1003,4,-1,-0.0003747956630664,40,MEDIUM,True,ML model detected unusual traffic
764,846.44,1418,152.78,129322.84,10,8,1,0,25,11,725,2,1,0.1418959961512751,0,LOW,False,
134,553.81,1296,26.79,14838.44,12,13,0,0,27,0,107,0,1,0.1972133198374636,0,LOW,False,
963,868.7,1296,183.65,159537.19,13,9,8,0,50,2,903,0,1,0.1404609216673992,0,LOW,False,
825,861.86,4094,161.16,138896.59,7,6,0,0,165,0,660,0,1,0.1446186417316882,0,LOW,False,
626,888.58,1296,125.18,111231.59,7,6,0,0,9,4,613,0,1,0.1605686263989493,0,LOW,False,
134,586.55,1414,24.91,14613.59,8,9,10,0,31,0,91,2,1,0.1985162921971255,0,LOW,False,
953,861.18,2754,190.58,164126.1,15,10,12,0,26,0,911,4,1,0.114559548312307,0,LOW,False,
264,576.17,1514,49.03,28248.05,16,11,14,0,74,0,176,0,1,0.1740681168477749,0,LOW,False,
1086,853.37,8214,191.08,163062.91,19,13,11,0,52,8,1015,0,1,0.0739860485508025,0,LOW,False,
409,858.96,1296,71.0,60983.53,10,9,1,0,12,1,395,0,1,0.182853958179405,0,LOW,False,
197,719.21,1298,29.49,21210.56,9,7,0,0,7,10,180,0,1,0.1808281432498518,0,LOW,False,
583,658.16,6854,116.57,76724.73,27,14,31,0,353,1,195,3,1,0.047321060255589,20,LOW,False,Large number of destination ports
513,721.03,4134,101.16,72939.08,12,16,10,0,107,0,387,9,1,0.0965511401235337,0,LOW,False,
253,676.98,5434,49.79,33705.75,21,17,23,0,222,0,8,0,1,0.1123869340759744,10,LOW,False,High destination IP diversity
569,876.72,2774,105.96,92896.9,6,7,0,0,32,0,537,0,1,0.1694832331266572,0,LOW,False,
287,663.31,1414,52.92,35105.32,12,15,8,0,85,0,194,0,1,0.173847985387081,0,LOW,False,
396,833.82,1296,77.95,64996.34,8,8,0,0,9,2,385,0,1,0.1838108545839454,0,LOW,False,
314,716.46,4094,59.76,42813.14,14,12,10,0,203,2,99,0,1,0.1739683679846873,0,LOW,False,
147,685.8,1296,29.4,20160.48,8,10,0,0,19,0,122,6,1,0.1803306925463121,0,LOW,False,
384,774.15,2754,70.7,54730.48,11,10,7,0,37,2,336,2,1,0.1764808759203289,0,LOW,False,
330,901.73,1296,56.57,51013.65,9,10,0,0,16,0,313,1,1,0.1798533425589259,0,LOW,False,
91,681.93,2754,17.1,11660.73,4,4,0,0,83,0,8,0,1,0.1956410049776372,0,LOW,False,
631,891.15,4094,121.98,108705.27,7,7,0,0,93,0,538,0,1,0.1651900860117048,0,LOW,False,
261,816.05,1296,39.41,32162.49,5,5,0,0,3,0,256,2,1,0.1746120138560754,0,LOW,False,
519,864.08,1296,96.44,83330.54,13,12,8,0,15,2,494,0,1,0.1630209591797827,0,LOW,False,
432,893.14,1296,84.79,75733.68,6,6,0,0,10,2,418,2,1,0.1710794966142803,0,LOW,False,
363,841.58,1296,65.1,54786.06,9,8,0,0,17,0,346,0,1,0.1860289717581127,0,LOW,False,
14,294.36,1292,2.63,773.95,5,4,0,0,3,2,9,0,1,0.1907607740674132,0,LOW,False,
641,868.48,1296,123.35,107126.78,9,10,0,0,17,0,624,0,1,0.1755750704662005,0,LOW,False,
24,212.92,1292,4.55,969.16,4,3,0,0,10,0,12,2,1,0.1882528021038069,0,LOW,False,
484,880.34,1296,81.39,71648.98,7,6,0,0,16,0,466,2,1,0.1701228492055544,0,LOW,False,
227,836.88,1296,34.14,28574.99,7,6,0,0,13,0,214,0,1,0.1930349602097714,0,LOW,False,
41,433.68,1296,7.3,3164.3,7,7,4,0,4,2,30,1,1,0.2060189321830082,0,LOW,False,
164,723.95,4094,25.01,18103.92,9,8,0,0,153,2,8,1,1,0.2039172365295443,0,LOW,False,
16,88.19,194,2.91,256.23,5,6,0,0,14,0,0,2,1,0.1897582147081168,0,LOW,False,
9,116.78,482,1.29,150.31,5,5,0,0,7,2,0,0,1,0.1867409335480405,0,LOW,False,
12,114.17,417,2.21,252.29,6,6,0,0,12,0,0,0,1,0.1986520247173057,0,LOW,False,
5,103.8,194,0.97,100.38,2,3,0,0,5,0,0,0,1,0.1713829892877858,0,LOW,False,
14,193.43,1292,2.55,493.73,4,5,0,0,13,0,1,0,1,0.2025128759717614,0,LOW,False,
72,410.71,1296,14.39,5909.69,5,5,0,0,11,0,61,0,1,0.2002879624418327,0,LOW,False,
43,345.07,1414,8.58,2959.3,11,9,8,0,24,2,8,1,1,0.2002826538042633,0,LOW,False,
111,474.85,5434,21.67,10289.55,15,11,14,0,67,2,23,5,1,0.1503516779712171,0,LOW,False,
21,147.33,417,2.98,439.21,9,8,4,7,10,0,0,0,1,0.1171442691129079,0,LOW,False,
28,206.86,1286,4.41,911.3,7,7,0,0,7,2,19,0,1,0.201719362512699,0,LOW,False,
187,740.41,4094,37.36,27660.88,8,7,6,0,145,0,36,0,1,0.1985102627163327,0,LOW,False,
51,372.57,1414,8.49,3163.33,4,5,0,0,31,0,18,2,1,0.2065678848677575,0,LOW,False,
38,414.63,1414,6.66,2760.05,7,4,4,0,34,0,0,0,1,0.2010926392889732,0,LOW,False,
23,167.13,1286,4.43,739.81,5,8,0,0,11,0,8,4,1,0.1982741620373458,0,LOW,False,
9,90.67,146,1.47,133.29,5,4,0,0,6,3,0,0,1,0.1734886957033856,0,LOW,False,
161,830.27,4094,20.85,17310.75,5,3,0,0,160,1,0,0,1,0.1773377594069046,0,LOW,False,
15,93.87,194,2.98,279.75,6,6,0,0,12,3,0,0,1,0.1880171741415208,0,LOW,False,
10,149.8,482,1.66,248.55,6,5,0,0,9,1,0,0,1,0.1970456034700846,0,LOW,False,
82,405.49,1296,14.32,5808.39,11,9,10,3,9,0,59,1,1,0.150208606475716,0,LOW,False,
252,594.0,4094,50.38,29928.78,12,12,8,0,148,0,93,3,1,0.1757721686909166,0,LOW,False,
59,621.17,4094,7.23,4488.18,5,4,0,0,58,1,0,0,1,0.1948449438634071,0,LOW,False,
500,606.37,2774,99.68,60445.05,24,18,43,0,432,3,22,0,1,0.0444027967659014,30,MEDIUM,False,Large number of destination ports; High destination IP diversity
114,376.06,1418,19.07,7172.74,15,11,10,0,41,2,59,2,1,0.1805100324804636,0,LOW,False,
117,740.26,4094,22.17,16408.81,9,7,0,0,115,0,0,2,1,0.20961719670518,0,LOW,False,
70,760.57,5434,10.5,7987.64,7,4,0,0,68,2,0,0,1,0.1867806078294236,0,LOW,False,
94,593.54,1418,15.55,9232.09,5,6,0,0,91,3,0,0,1,0.2109514055663595,0,LOW,False,
46,602.3,1414,8.93,5376.45,6,5,0,0,43,1,0,2,1,0.2125384717749722,0,LOW,False,
154,666.08,4094,27.82,18527.67,12,12,4,0,147,0,0,3,1,0.1860126976564302,0,LOW,False,
276,819.16,4094,51.08,41845.08,9,9,0,0,247,1,25,3,1,0.1732048763888327,0,LOW,False,
80,736.58,4098,11.63,8565.19,7,5,0,0,78,2,0,0,1,0.204510624270697,0,LOW,False,
40,439.95,4134,7.95,3497.81,12,8,10,0,28,2,0,0,1,0.1852545716623025,0,LOW,False,
455,770.93,2774,85.44,65867.94,15,12,14,0,423,0,18,0,1,0.1567391073155736,0,LOW,False,
339,770.94,4094,61.37,47316.34,13,10,14,0,320,4,0,1,1,0.1573195853403015,0,LOW,False,
53,535.25,1418,10.21,5464.29,5,5,0,0,49,2,0,2,1,0.2122094494823838,0,LOW,False,
11,91.36,194,1.48,135.62,3,4,0,0,9,0,0,2,1,0.179627292407877,0,LOW,False,
5,346.2,1414,0.85,295.45,4,4,0,0,4,1,0,0,1,0.1919799497103259,0,LOW,False,
180,781.89,4094,31.8,24864.37,5,4,0,0,180,0,0,0,1,0.187301702978468,0,LOW,False,
46,228.22,1418,9.2,2099.04,18,10,14,0,24,8,0,0,1,0.1527279498863168,0,LOW,False,
228,285.13,1418,44.02,12552.33,15,13,0,0,163,26,34,5,1,0.1186576783098819,0,LOW,False,
298,837.15,9458,59.59,49884.09,17,15,10,0,222,1,64,1,1,0.1219304331191189,0,LOW,False,
629,528.02,4094,125.8,66423.45,41,15,26,0,410,2,191,0,1,0.0290507366687895,20,LOW,False,Large number of destination ports
348,263.99,2754,68.69,18134.26,54,30,33,0,185,81,31,18,-1,-0.1245157468921851,70,HIGH,True,ML model detected unusual traffic; Large number of destination ports; High destination IP diversity
216,301.06,2758,26.98,8123.21,38,15,35,12,79,85,5,0,-1,-0.0453654898143239,60,HIGH,True,ML model detected unusual traffic; Large number of destination ports
225,325.11,2762,44.9,14597.53,38,19,58,0,127,20,20,0,-1,-0.0141706794357763,70,HIGH,True,ML model detected unusual traffic; Large number of destination ports; High destination IP diversity
65,432.32,1414,10.73,4640.63,20,12,0,0,38,0,21,6,1,0.1439276787894221,0,LOW,False,
7,296.0,1414,1.13,334.47,3,4,0,0,7,0,0,0,1,0.193352287421361,0,LOW,False,
1564,896.87,9458,312.67,280426.99,8,8,8,0,1526,0,30,0,1,0.0367125162881787,20,LOW,False,High packet rate
376,752.47,4098,63.28,47613.4,7,7,0,0,374,0,0,2,1,0.1800780310267983,0,LOW,False,
118,589.74,1418,23.59,13910.07,10,8,4,0,95,0,19,0,1,0.2157081603292249,0,LOW,False,
201,524.08,1418,40.15,21044.15,21,11,12,0,116,14,57,2,1,0.14965321337925,0,LOW,False,
17,93.65,194,2.51,234.66,6,8,0,0,9,4,0,4,1,0.1778074890846842,0,LOW,False,
250,754.68,4094,49.74,37539.26,4,4,0,0,250,0,0,0,1,0.1725856064925357,0,LOW,False,
451,771.86,5438,89.49,69072.97,10,9,2,0,449,0,0,0,1,0.168032369888715,0,LOW,False,
444,685.37,4098,72.08,49403.87,9,9,4,0,436,0,0,4,1,0.1637922242900973,0,LOW,False,
54,537.67,1414,10.71,5758.06,10,9,4,0,49,1,0,0,1,0.2181334716548312,0,LOW,False,
94,468.5,2774,15.46,7242.75,8,9,0,0,89,2,1,2,1,0.2053017019428607,0,LOW,False,
173,778.64,4094,32.42,25245.99,10,9,0,0,161,1,9,2,1,0.2014550143482066,0,LOW,False,
100,758.72,1418,18.05,13696.64,4,3,0,0,99,1,0,0,1,0.1910611709288009,0,LOW,False,
66,497.82,1418,9.85,4904.0,9,6,0,0,61,5,0,0,1,0.2115932967264233,0,LOW,False,
101,481.5,2754,18.62,8967.01,11,9,6,0,92,3,0,0,1,0.2032264087236297,0,LOW,False,
160,517.43,2758,30.06,15552.72,12,12,4,0,122,1,27,6,1,0.1706778617361864,0,LOW,False,
277,691.68,5494,52.54,36342.73,17,9,15,0,262,0,0,0,1,0.1642556152509009,0,LOW,False,
436,614.78,1418,86.73,53321.44,20,7,16,0,42,97,281,0,1,0.0567088190004133,0,LOW,False,
124,483.7,1418,24.72,11956.28,9,8,5,0,89,30,0,0,1,0.1708413667128367,0,LOW,False,
182,344.52,2754,30.77,10599.45,21,16,25,38,111,4,0,4,-1,-1.345272501385164e-05,40,MEDIUM,True,ML model detected unusual traffic
110,570.71,1418,19.72,11251.81,11,7,8,0,69,4,29,0,1,0.207477085183376,0,LOW,False,
291,646.9,4094,57.97,37500.16,12,8,0,0,283,6,0,2,1,0.1808425029984213,0,LOW,False,
63,238.54,1294,12.34,2944.65,9,9,0,0,25,4,32,2,1,0.1987474370133601,0,LOW,False,
42,321.6,1414,6.64,2134.09,12,8,0,0,28,1,13,0,1,0.2042329213511215,0,LOW,False,
56,385.23,1414,8.62,3321.57,10,10,0,0,44,2,10,0,1,0.2086987208479783,0,LOW,False,
62,737.29,1414,11.94,8802.3,7,7,0,0,56,5,0,1,1,0.2069158483314769,0,LOW,False,
108,817.11,4094,10.68,8723.18,4,6,0,0,106,1,0,1,1,0.193901648017106,0,LOW,False,
45,277.98,1298,8.61,2392.74,11,7,6,0,11,8,20,0,1,0.1905798509445125,0,LOW,False,
19,87.74,194,3.44,301.43,8,6,0,0,9,6,0,4,1,0.1692242369679619,0,LOW,False,
192,568.8,2518,35.46,20172.07,19,15,15,12,165,0,0,0,1,0.0916394199352198,0,LOW,False,
181,652.14,4094,27.71,18071.87,11,11,8,0,169,0,0,4,1,0.187391582324715,0,LOW,False,
48,299.4,1298,9.08,2717.71,13,9,4,0,22,0,22,0,1,0.1998782485610923,0,LOW,False,
28,496.14,1296,4.77,2365.98,2,3,0,0,1,0,25,2,1,0.1789590743361543,0,LOW,False,
12,207.17,234,2.25,466.44,8,7,0,0,2,0,10,0,1,0.1949990066546995,0,LOW,False,
202,740.16,4094,39.47,29212.06,6,6,0,0,202,0,0,0,1,0.1992822589635493,0,LOW,False,
39,427.85,1418,7.78,3328.9,6,8,0,0,39,0,0,0,1,0.2198382010701124,0,LOW,False,
38,470.95,1418,5.46,2573.17,8,5,0,0,32,6,0,0,1,0.203864431432593,0,LOW,False,
236,864.75,8118,47.02,40659.88,5,6,0,0,236,0,0,0,1,0.1686703937033412,0,LOW,False,
386,526.94,5494,75.29,39673.06,17,8,12,0,317,24,32,1,1,0.1118502701405063,0,LOW,False,
352,692.98,5494,67.27,46615.14,14,11,7,0,342,0,0,3,1,0.1633275835127355,0,LOW,False,
183,808.39,5434,24.44,19757.56,11,9,9,0,174,0,0,0,1,0.1920879385381232,0,LOW,False,
112,621.18,1418,18.28,11353.03,6,7,0,0,108,0,0,4,1,0.2050803638420975,0,LOW,False,
3,108.0,144,0.59,64.24,2,3,0,0,3,0,0,0,1,0.1669806958088465,0,LOW,False,
35,744.49,1414,5.07,3774.0,3,3,0,0,35,0,0,0,1,0.1847465858757601,0,LOW,False,
145,712.14,4094,26.23,18677.69,14,12,0,0,130,6,9,0,1,0.1886529120783433,0,LOW,False,
10,174.1,482,1.47,255.55,4,5,0,0,7,0,1,2,1,0.194787893437591,0,LOW,False,
74,397.28,1414,14.27,5670.32,10,10,7,0,44,0,23,0,1,0.2064525048541335,0,LOW,False,
11,91.36,150,1.77,161.72,4,6,0,0,7,0,0,4,1,0.1797386919968063,0,LOW,False,
175,670.85,4094,28.51,19127.15,12,8,6,0,149,0,19,1,1,0.2031089026740451,0,LOW,False,
38,394.89,1294,5.88,2320.77,7,6,4,0,10,0,23,1,1,0.2041914481954101,0,LOW,False,
68,489.19,1418,12.17,5951.38,10,8,15,0,53,0,0,0,1,0.1979180432536163,0,LOW,False,
19,93.21,162,3.79,353.7,10,6,4,0,7,6,0,2,1,0.1646328597409181,0,LOW,False,
14,187.14,1414,1.52,285.23,4,5,0,0,14,0,0,0,1,0.2022065169285943,0,LOW,False,
44,526.55,1414,8.8,4633.59,4,5,0,0,44,0,0,0,1,0.2154758991887246,0,LOW,False,
25,126.76,505,4.12,522.04,7,6,0,0,25,0,0,0,1,0.197705780214079,0,LOW,False,
82,439.49,1418,16.29,7157.36,12,12,0,0,72,0,10,0,1,0.2024293963432406,0,LOW,False,
85,530.81,1418,16.97,9009.4,6,7,1,0,80,0,0,4,1,0.2059996155436694,0,LOW,False,
81,507.09,1418,12.6,6388.79,8,8,6,0,73,0,0,2,1,0.2146609535003923,0,LOW,False,
137,835.77,4094,27.2,22730.88,5,5,0,0,137,0,0,0,1,0.1991565099568714,0,LOW,False,
387,792.42,10798,71.78,56877.22,8,5,0,0,381,6,0,0,1,0.1373319076119486,0,LOW,False,
204,692.56,2758,35.55,24617.45,7,5,0,0,204,0,0,0,1,0.1978809905618466,0,LOW,False,
76,606.86,1418,13.32,8084.68,6,8,4,0,70,0,0,2,1,0.2156481904189862,0,LOW,False,
83,421.24,1418,16.04,6754.71,9,10,0,0,81,0,0,2,1,0.2109322653927109,0,LOW,False,
306,849.86,6854,33.4,28382.93,10,9,0,0,306,0,0,0,1,0.1753413119142324,0,LOW,False,
59,642.05,1418,9.7,6227.06,4,4,0,0,59,0,0,0,1,0.2087269261341007,0,LOW,False,
71,697.83,5494,14.0,9766.15,4,5,0,0,71,0,0,0,1,0.2006943857378286,0,LOW,False,
230,613.74,4094,45.5,27927.66,25,17,11,0,178,6,33,2,1,0.1251019979098007,30,MEDIUM,False,Large number of destination ports; High destination IP diversity
35,466.34,1418,6.31,2943.03,4,7,0,0,28,2,0,5,1,0.1912269071991922,0,LOW,False,
9,164.22,482,1.38,227.01,5,5,0,0,9,0,0,0,1,0.1985542712852699,0,LOW,False,
50,561.74,1418,7.26,4078.08,5,5,0,0,50,0,0,0,1,0.2161554986218828,0,LOW,False,
103,783.51,4094,13.37,10473.02,5,5,8,0,94,0,0,1,1,0.1912053677802765,0,LOW,False,
28,104.75,359,5.32,557.45,7,10,0,0,9,0,6,13,1,0.1096929919214528,0,LOW,False,
62,465.35,1414,11.41,5309.57,9,7,8,0,29,0,23,2,1,0.2025783478812089,0,LOW,False,
7,127.86,417,1.3,166.17,3,5,0,0,5,0,0,2,1,0.1901057115611065,0,LOW,False,
171,495.36,4094,28.82,14275.44,15,11,18,0,106,6,40,1,1,0.1673491402018088,0,LOW,False,
7,82.14,102,1.35,110.93,3,5,0,0,6,0,0,1,1,0.1824168921454638,0,LOW,False,
2,148.0,230,0.28,41.33,2,2,0,0,1,0,1,0,1,0.1567812643551428,0,LOW,False,
20,157.55,234,3.85,606.36,9,9,0,0,11,0,9,0,1,0.1949302739921483,0,LOW,False,
110,707.34,2754,19.05,13475.06,7,4,0,0,108,0,0,2,1,0.1976212890203794,0,LOW,False,
8,101.88,194,1.29,131.01,3,4,0,0,8,0,0,0,1,0.1843609242284064,0,LOW,False,
83,576.54,1418,14.78,8520.03,8,7,0,0,83,0,0,0,1,0.2203039166198729,0,LOW,False,
23,75.57,117,4.56,344.76,5,7,0,0,20,0,0,3,1,0.1810979844917791,0,LOW,False,
20,92.8,194,3.77,349.92,9,7,0,0,13,6,0,1,1,0.1816179477801554,0,LOW,False,
121,524.55,2758,20.35,10673.2,9,8,12,0,83,0,24,2,1,0.1953256298087639,0,LOW,False,
57,539.33,1418,10.12,5460.7,4,4,0,0,55,0,0,2,1,0.2075207949969681,0,LOW,False,
56,488.45,1414,8.97,4383.69,5,4,0,0,56,0,0,0,1,0.2093662519351789,0,LOW,False,
94,845.6,4094,17.31,14636.3,4,5,0,0,94,0,0,0,1,0.1976513972665454,0,LOW,False,
52,556.12,1418,8.68,4827.75,5,5,1,0,51,0,0,0,1,0.2115750748815204,0,LOW,False,
63,228.94,2762,12.08,2764.46,14,12,7,0,44,0,10,2,1,0.1717635728218566,0,LOW,False,
95,520.84,6854,15.33,7985.97,14,8,12,0,78,1,0,4,1,0.1469592142918462,0,LOW,False,
172,693.31,4094,33.29,23079.38,12,9,0,0,167,5,0,0,1,0.1978504279406791,0,LOW,False,
148,870.99,10794,27.63,24066.4,9,8,6,0,142,0,0,0,1,0.1711555563899405,0,LOW,False,
40,448.15,1418,7.4,3314.55,6,5,0,0,36,0,0,4,1,0.2026430782623583,0,LOW,False,
60,517.3,1418,11.61,6005.72,6,8,0,0,60,0,0,0,1,0.2235511663289576,0,LOW,False,
64,504.22,1418,12.43,6266.75,9,9,4,0,60,0,0,0,1,0.2208182487093332,0,LOW,False,
437,785.05,12138,87.18,68442.7,6,7,0,0,435,0,0,2,1,0.1461919999227218,0,LOW,False,
137,639.2,12138,26.98,17247.37,4,5,0,0,135,0,0,2,1,0.1508964874141988,0,LOW,False,
112,688.74,1418,19.75,13601.03,4,5,0,0,112,0,0,0,1,0.2095094505646091,0,LOW,False,
149,573.17,1418,29.37,16836.26,16,12,4,0,113,6,26,0,1,0.192567562630409,0,LOW,False,
173,785.51,4094,33.16,26045.13,5,5,0,0,171,0,0,2,1,0.1942143289172716,0,LOW,False,
13,144.23,230,2.57,370.8,7,8,0,0,8,0,5,0,1,0.1970764282002524,0,LOW,False,
68,582.31,1418,11.2,6522.69,8,8,0,0,63,0,5,0,1,0.2214849226575518,0,LOW,False,
73,614.67,1418,7.84,4818.57,3,3,0,0,73,0,0,0,1,0.1979305725855062,0,LOW,False,
12,107.67,194,2.31,248.6,5,4,0,0,12,0,0,0,1,0.1901741963768071,0,LOW,False,
13,153.46,482,1.39,213.32,3,5,0,0,11,0,0,2,1,0.1930275409879003,0,LOW,False,
99,538.02,1418,18.16,9771.54,14,9,8,0,85,6,0,0,1,0.2029387761973799,0,LOW,False,
60,517.2,1418,9.0,4656.61,5,5,0,0,56,0,0,4,1,0.2031785496279138,0,LOW,False,
99,481.08,1418,17.68,8505.7,6,6,0,0,97,0,0,2,1,0.2142141257286441,0,LOW,False,
58,536.17,1418,10.49,5624.85,5,4,0,0,58,0,0,0,1,0.2101733796669673,0,LOW,False,
69,618.71,1418,13.62,8427.6,9,8,1,0,68,0,0,0,1,0.2219503215626855,0,LOW,False,
96,718.95,4094,18.84,13545.49,11,9,7,0,62,0,27,0,1,0.2054002421360846,0,LOW,False,
65,434.88,1414,8.13,3537.36,9,8,0,0,55,0,6,4,1,0.2059371880974941,0,LOW,False,
32,288.97,1414,4.89,1412.1,10,9,6,0,25,1,0,0,1,0.2025105035456229,0,LOW,False,
114,704.39,4094,13.95,9828.21,10,8,0,0,105,5,0,4,1,0.1893496829146788,0,LOW,False,
374,777.4,3738,60.06,46693.81,12,6,0,0,373,0,0,1,1,0.1749566046756726,0,LOW,False,
44,382.2,1296,7.47,2856.31,7,8,8,0,8,0,26,2,1,0.1992383705584771,0,LOW,False,
194,818.22,2754,38.7,31666.37,12,10,8,0,185,0,0,1,1,0.1901792594120822,0,LOW,False,
320,820.61,5434,63.3,51945.71,12,10,2,0,316,0,0,2,1,0.1731224342004965,0,LOW,False,
354,767.86,9458,70.09,53818.36,5,5,0,0,354,0,0,0,1,0.1531437449973339,0,LOW,False,
168,500.89,5438,32.92,16490.12,11,10,9,0,159,0,0,0,1,0.1862936283022045,0,LOW,False,
119,532.39,1418,22.61,12035.46,9,6,0,0,109,6,0,4,1,0.1979913298980151,0,LOW,False,
62,628.55,1418,12.4,7791.91,10,9,4,0,52,0,4,2,1,0.2155206127653012,0,LOW,False,
142,764.49,4094,22.33,17073.76,10,8,0,0,133,3,6,0,1,0.2063226119402804,0,LOW,False,
17,187.24,1414,2.86,536.0,6,7,0,0,14,1,0,2,1,0.2025817007544664,0,LOW,False,
41,627.44,1418,6.19,3882.42,4,3,0,0,39,1,0,1,1,0.1966643091995867,0,LOW,False,
35,455.8,1414,6.27,2856.9,4,6,0,0,34,0,0,1,1,0.2109902552807767,0,LOW,False,
268,649.06,4094,51.85,33655.46,12,10,8,0,236,0,23,1,1,0.1906658206278161,0,LOW,False,
7,74.71,102,1.4,104.53,4,4,0,0,6,0,0,1,1,0.1773886931841772,0,LOW,False,
28,331.68,3734,5.35,1774.5,9,5,0,0,21,6,0,1,1,0.1807482641464704,0,LOW,False,
99,517.96,1418,19.76,10236.06,10,8,8,0,68,0,22,1,1,0.2123342794411631,0,LOW,False,
