packet_count,packet_size,packet_rate,bytes_per_second,unique_destination_ports,unique_destination_ips,protocol,destination_port
121,1296,24.19,7588.71,18,13,UDP,65090
338,1418,67.59,33559.1,25,14,HTTPS,49349
444,54,88.76,25837.63,40,18,TCP,53
2793,1298,558.36,308531.89,89,26,HTTPS,58944
2296,55,459.12,285151.3,69,26,TCP,53837
386,1293,70.61,23854.44,27,16,DNS,5353
279,346,54.7,22671.96,25,19,UDP,67
533,116,104.02,32485.69,35,17,HTTPS,58538
2471,54,494.18,357290.93,47,14,TCP,53
2653,1292,530.46,354189.17,61,23,UDP,443
1594,1292,295.7,185344.29,43,30,UDP,443
103,75,20.58,5990.49,23,21,HTTPS,443
1762,93,349.9,262039.45,21,18,UDP,49665
1172,94,233.4,165318.28,22,21,UDP,443
421,95,83.96,41901.98,23,20,UDP,443
311,115,62.19,24387.32,26,18,UDP,49665
1372,144,274.31,178102.44,31,26,UDP,49665
17,75,3.21,249.16,7,9,HTTPS,443
366,565,70.71,32182.02,36,28,UDP,64545
335,1418,58.72,34335.17,24,15,HTTPS,55581
666,75,128.27,58163.93,43,27,HTTPS,443
182,90,36.15,13875.43,17,13,HTTPS,50907
418,1418,83.49,34860.07,24,16,HTTPS,51665
303,46,49.97,18634.16,11,10,OTHER,
139,98,23.37,9916.18,16,13,HTTPS,56370
111,97,21.72,4438.04,15,11,HTTPS,56991
796,114,159.11,64721.7,47,26,UDP,53289
273,144,45.97,16840.94,18,11,HTTPS,443
210,55,39.48,14179.61,22,16,HTTPS,443
344,1292,2.78,1100.74,15,9,UDP,443
1684,1414,335.19,203608.91,54,19,HTTPS,443
146,54,26.3,21394.85,7,7,HTTPS,63103
9,102,1.69,248.07,6,5,TCP,5222
1098,1296,219.57,160155.97,23,12,UDP,59031
2577,1296,515.36,418031.56,19,12,UDP,61584
2132,97,426.33,325496.55,14,9,UDP,443
1161,96,232.13,192941.9,9,8,UDP,443
1220,1291,229.53,187512.7,14,9,UDP,60131
1056,226,208.83,120267.55,35,17,UDP,443
2041,1285,407.03,347316.21,12,12,UDP,443
1395,1414,278.98,243364.01,5,6,HTTPS,443
306,1296,61.2,53743.05,7,7,UDP,53837
594,102,109.83,96334.1,6,5,HTTPS,64410
1929,1292,362.55,359445.89,17,12,UDP,443
851,78,143.25,119094.59,6,5,HTTPS,62238
833,66,166.57,140066.43,19,12,TCP,49699
241,75,45.59,18953.09,15,8,TCP,5228
392,66,77.93,47669.7,15,9,TCP,53
138,90,27.45,6460.33,15,10,HTTPS,60927
45,74,8.44,3831.96,4,4,HTTPS,443
79,1414,13.87,11664.23,5,6,HTTPS,443
94,1285,15.71,9682.39,9,9,UDP,443
2151,1296,430.05,331140.63,20,10,UDP,63632
1843,1292,368.44,277097.72,32,15,UDP,64783
952,66,189.88,175275.01,14,12,TCP,53
168,1414,33.59,20209.72,14,7,HTTPS,60488
1130,116,205.61,187152.7,5,4,HTTPS,58538
700,1296,139.94,120200.48,11,6,UDP,64783
1767,1296,353.29,300766.22,14,12,UDP,60772
2309,200,412.78,344501.82,17,13,HTTPS,443
103,208,18.74,11973.7,5,5,HTTPS,60488
92,90,18.4,8590.04,12,10,HTTPS,50374
122,75,23.23,10125.92,9,10,HTTPS,443
249,90,46.86,19164.58,25,12,OTHER,
286,66,55.46,25231.7,18,13,TCP,53
360,90,65.56,32845.19,20,13,OTHER,
225,1294,44.99,14040.5,14,10,UDP,63652
448,74,87.95,54438.52,10,9,HTTPS,443
169,74,33.57,10739.25,13,7,HTTPS,443
93,1414,18.43,4590.34,9,9,HTTPS,443
200,167,38.83,25031.33,3,3,HTTPS,443
79,90,13.14,4320.2,14,10,OTHER,
23,90,4.01,315.56,10,10,OTHER,
18,90,3.52,345.92,5,5,OTHER,
160,156,30.98,23635.87,6,7,HTTPS,62919
23,90,4.19,433.1,5,4,OTHER,
14,90,2.53,369.35,4,5,OTHER,
179,1414,34.78,10419.37,15,10,HTTPS,443
246,102,39.37,16832.02,14,9,HTTPS,443
2752,1296,550.26,479039.45,14,10,UDP,51582
721,1288,132.62,113578.66,10,12,UDP,443
397,1292,79.22,51140.01,17,13,UDP,64074
464,1414,81.91,69911.49,8,8,HTTPS,443
396,1329,79.19,66019.17,7,8,HTTPS,60488
510,86,100.21,75533.89,13,10,OTHER,
228,78,33.73,26105.72,5,6,HTTPS,61141
417,90,75.24,67740.82,5,4,DNS,53
287,102,54.03,36938.24,18,12,HTTPS,64410
717,1418,143.35,107121.94,19,17,HTTPS,64678
812,187,162.21,116319.69,22,14,UDP,60339
648,1292,129.07,79854.46,27,13,UDP,57796
861,74,172.2,97770.82,45,18,TCP,61516
1130,86,220.96,189927.92,49,22,TCP,53
1780,66,350.36,231610.59,20,14,TCP,53
1694,1298,338.74,212015.9,23,12,HTTPS,51079
2630,2754,525.88,447952.62,63,31,HTTPS,63696
1224,257,244.74,191793.12,50,30,HTTPS,63696
2867,77,573.34,532060.43,49,32,DNS,53
422,66,69.4,42513.6,28,20,HTTPS,443
16,75,2.85,389.95,5,7,HTTPS,443
29,83,5.23,711.31,11,9,DNS,53
1252,66,249.01,111499.73,85,37,HTTPS,55543
953,676,189.88,81765.56,51,36,HTTPS,60025
264,83,52.57,24525.01,32,30,DNS,5353
119,75,23.33,8024.45,23,23,HTTPS,443
65,95,12.9,1808.62,17,18,UDP,51920
72,74,13.48,1185.29,24,23,HTTPS,443
606,1414,107.94,51778.85,34,28,HTTPS,60488
64,66,12.77,7005.18,8,12,HTTPS,443
42,55,8.3,615.11,12,12,HTTPS,443
79,75,15.72,1087.84,37,28,HTTPS,443
224,97,41.24,24949.95,27,21,DNS,53
1227,75,244.44,197193.6,35,29,HTTPS,443
2158,1296,431.53,381796.67,21,15,UDP,60925
1419,75,283.53,240107.78,21,19,HTTPS,443
74,74,14.78,3615.92,19,17,HTTPS,60488
97,42,19.1,5188.51,24,22,OTHER,
1873,75,331.72,298167.44,12,12,TCP,5228
753,102,150.45,119717.02,34,17,HTTPS,64410
91,55,17.17,2831.58,26,28,HTTPS,443
56,75,9.98,2443.22,15,14,HTTPS,443
268,75,49.35,33879.96,29,22,HTTPS,443
270,46,49.6,35486.44,18,15,OTHER,
133,75,26.42,7810.19,22,17,HTTPS,443
663,102,131.13,63263.42,39,26,TCP,60345
1513,964,278.88,171754.3,40,30,HTTPS,50395
45,70,8.76,3718.71,10,10,HTTPS,62268
99,75,18.96,10709.39,15,15,HTTPS,443
114,55,20.24,11999.21,17,18,HTTPS,443
79,70,15.78,3682.85,21,20,HTTPS,64939
165,90,32.74,14609.13,16,13,HTTPS,65373
116,75,22.18,8774.67,21,13,TCP,5228
