packet_count,avg_packet_size,max_packet_size,packet_rate,bytes_per_second,unique_destination_ports,unique_destination_ips,dns_packets,http_packets,https_packets,tcp_packets,udp_packets,other_packets
208,527.48,1418,40.68,21459.58,27,22,23,0,163,0,20,2
571,666.14,4094,98.81,65824.57,27,20,26,0,329,2,210,4
1124,708.02,1414,202.08,143080.7,23,20,32,0,61,0,1031,0
1430,788.2,1418,285.96,225394.08,21,20,21,0,53,0,1354,2
108,292.43,1296,14.56,4256.28,17,15,0,0,49,0,59,0
2529,767.56,1414,505.74,388186.91,19,13,32,0,95,0,2402,0
2188,766.39,2754,437.55,335335.54,14,14,0,0,90,0,2096,2
1319,749.63,1296,197.48,148039.45,11,10,0,0,17,4,1298,0
1883,766.0,1414,342.54,262387.8,21,20,4,0,56,0,1823,0
1294,748.89,1418,258.49,193583.73,12,10,0,0,49,2,1241,2
55,377.02,1414,10.95,4126.61,8,10,0,0,49,0,4,2
147,700.14,4094,28.35,19845.94,10,12,0,0,142,0,5,0
18,281.11,2774,3.48,978.11,9,8,6,0,12,0,0,0
71,690.55,1414,10.72,7402.86,3,4,0,0,67,0,0,4
136,380.56,1414,27.19,10348.33,11,11,6,0,44,0,86,0
120,633.59,4094,22.31,14138.07,13,11,0,0,97,4,19,0
728,737.91,4094,145.17,107118.66,18,17,15,0,75,0,636,2
2668,806.64,2514,516.41,416560.14,22,21,19,0,64,0,2583,2
2438,808.82,4134,487.48,394283.27,15,11,13,0,55,2,2368,0
1328,771.92,1296,231.5,178701.9,23,17,24,0,5,0,1299,0
2124,1171.17,16374,424.58,497258.86,19,15,14,0,1996,0,114,0
1429,1081.73,12294,285.72,309068.22,10,12,2,0,947,0,474,6
2050,1066.88,13654,409.79,437199.67,8,9,0,0,1492,0,558,0
1593,1067.16,13654,305.42,325935.19,23,19,8,0,1243,1,341,0
778,817.1,4094,147.75,120722.45,10,8,0,0,88,3,685,2
584,768.34,4094,112.66,86560.74,13,15,0,0,83,0,501,0
1418,905.85,10934,283.53,256834.85,13,12,4,0,881,0,533,0
2157,1187.03,13654,373.56,443423.11,10,12,3,0,2039,0,111,4
951,772.49,1296,175.29,135409.11,7,9,0,0,11,0,938,2
586,794.11,4094,117.11,92994.38,9,11,0,0,92,0,493,1
1601,1164.53,13654,252.87,294474.47,23,16,21,0,1203,0,376,1
645,732.6,1296,128.34,94022.17,9,9,6,0,7,0,630,2
735,750.68,1296,141.3,106075.45,13,13,0,0,17,4,709,5
1899,754.98,2514,272.38,205641.29,24,18,8,0,105,0,1786,0
650,803.89,4094,129.0,103698.11,12,11,0,0,91,2,557,0
832,1127.92,13654,166.4,187680.52,10,9,8,0,768,0,56,0
1837,1135.42,13654,359.05,407677.71,8,10,1,0,1180,0,650,6
1784,1059.43,10934,356.78,377983.41,11,11,8,0,1038,0,738,0
1669,1063.5,15014,333.75,354938.43,13,13,7,0,983,0,679,0
1561,1112.78,13654,312.16,347366.06,12,11,8,0,1281,0,272,0
2219,1033.71,13654,443.66,458611.59,8,9,0,0,1287,0,932,0
1546,1169.66,13654,307.61,359800.89,11,9,0,0,1519,4,21,2
1711,1073.68,13654,340.91,366027.79,9,10,0,0,938,0,773,0
1569,1040.16,13654,313.77,326375.85,12,11,13,0,988,0,568,0
1593,1018.38,13654,318.58,324434.56,11,13,4,0,1138,2,445,4
539,830.76,6854,107.16,89022.66,5,8,0,0,95,0,442,2
1510,1069.83,13654,279.48,298991.23,16,15,0,0,1006,0,504,0
1785,1116.18,13654,356.93,398404.19,7,7,8,0,1777,0,0,0
2066,1093.74,21814,364.25,398389.47,7,10,7,0,1266,0,785,8
1424,1154.67,13654,278.58,321670.09,8,9,0,0,954,2,465,3
655,943.13,16374,130.97,123521.9,11,13,0,0,467,2,181,5
1329,1011.99,12294,225.33,228033.27,16,15,8,8,654,0,657,2
598,778.54,1296,111.56,86856.12,10,10,8,0,3,2,581,4
1289,898.76,15014,257.71,231621.72,13,12,8,0,533,0,743,5
2243,1178.14,13654,414.78,488672.1,7,10,0,0,1918,0,322,3
1350,1004.01,10934,269.96,271045.29,16,13,7,0,1285,0,55,3
1474,1122.39,13654,290.2,325720.68,14,11,9,0,1329,0,133,3
434,1344.19,13654,75.57,101585.36,8,10,1,0,430,0,0,3
364,907.81,8214,72.77,66060.33,10,9,5,0,350,4,0,5
401,934.13,10934,72.08,67328.11,6,8,0,0,355,0,37,9
384,1213.85,13654,70.46,85529.58,7,8,4,0,378,0,1,1
1072,1078.39,13654,164.23,177107.57,12,12,8,0,1001,2,55,6
112,546.47,1414,20.48,11193.99,6,7,0,0,43,0,68,1
127,659.43,2754,22.19,14631.41,5,8,0,0,89,0,34,4
83,653.59,4094,16.4,10717.18,7,10,0,0,81,0,1,1
133,874.59,6854,23.72,20745.86,9,9,0,0,118,0,13,2
490,1102.11,13654,95.11,104825.15,7,8,0,0,484,4,1,1
136,415.93,1418,25.6,10646.47,16,13,16,0,105,0,13,2
101,680.99,4094,20.13,13707.16,6,8,0,0,89,0,8,4
75,744.36,4094,14.14,10528.49,5,6,0,0,69,2,0,4
57,382.65,1418,11.34,4339.56,10,8,12,0,36,0,8,1
79,645.87,1418,14.8,9557.34,4,6,0,0,75,0,0,4
172,510.65,1418,34.37,17551.82,15,13,15,0,153,0,0,4
131,669.37,2774,22.33,14950.16,10,10,1,0,127,0,0,3
280,587.13,4094,55.79,32756.23,17,16,8,0,198,2,71,1
29,289.83,1414,5.46,1582.57,7,8,0,0,20,2,0,7
718,781.4,6778,141.58,110634.0,17,14,23,0,605,0,89,1
1041,842.21,1418,208.16,175310.07,16,12,21,0,501,0,516,3
1922,760.96,2758,344.67,262282.96,21,18,22,0,667,2,1225,6
282,596.13,4094,49.87,29731.34,12,11,8,0,180,0,90,4
216,612.35,4094,43.19,26449.03,18,12,8,0,149,0,59,0
714,660.52,3734,142.8,94322.33,18,14,4,0,84,0,626,0
2390,763.89,1414,477.99,365136.59,15,14,16,0,65,0,2307,2
1688,797.12,1414,337.6,269104.95,25,18,32,0,40,2,1610,4
324,468.7,1296,59.24,27767.12,19,17,2,0,24,2,296,0
2004,842.3,2754,400.7,337509.68,21,9,8,0,57,0,1939,0
2678,804.59,1418,535.43,430803.11,33,16,6,0,359,2,2311,0
1022,808.13,2754,202.86,163937.46,11,9,6,0,38,0,974,4
884,819.55,4094,172.85,141662.28,11,12,4,0,183,0,697,0
1340,799.16,1296,267.96,214140.09,14,12,4,0,9,0,1327,0
1915,865.92,1418,378.95,328140.05,17,17,10,0,84,0,1821,0
182,610.1,1296,35.91,21907.11,12,12,8,0,21,0,149,4
977,882.42,1296,153.17,135157.8,9,7,0,0,5,8,964,0
456,805.23,4094,90.55,72916.69,14,13,8,0,164,0,284,0
1138,868.53,1414,197.59,171609.18,9,11,0,0,35,0,1101,2
636,873.24,1296,127.16,111039.14,9,7,0,0,8,2,624,2
643,881.49,1414,128.58,113339.23,10,10,5,0,37,0,601,0
142,702.93,1296,22.97,16147.4,9,8,0,0,19,0,123,0
1268,889.38,4094,244.38,217342.9,7,7,0,0,155,0,1113,0
131,397.47,4134,26.01,10337.3,17,7,12,0,69,22,28,0
1166,808.83,1418,231.57,187300.3,14,10,3,0,18,138,1003,4
764,846.44,1418,152.78,129322.84,10,8,1,0,25,11,725,2
134,553.81,1296,26.79,14838.44,12,13,0,0,27,0,107,0
963,868.7,1296,183.65,159537.19,13,9,8,0,50,2,903,0
825,861.86,4094,161.16,138896.59,7,6,0,0,165,0,660,0
626,888.58,1296,125.18,111231.59,7,6,0,0,9,4,613,0
134,586.55,1414,24.91,14613.59,8,9,10,0,31,0,91,2
953,861.18,2754,190.58,164126.1,15,10,12,0,26,0,911,4
264,576.17,1514,49.03,28248.05,16,11,14,0,74,0,176,0
1086,853.37,8214,191.08,163062.91,19,13,11,0,52,8,1015,0
409,858.96,1296,71.0,60983.53,10,9,1,0,12,1,395,0
197,719.21,1298,29.49,21210.56,9,7,0,0,7,10,180,0
583,658.16,6854,116.57,76724.73,27,14,31,0,353,1,195,3
513,721.03,4134,101.16,72939.08,12,16,10,0,107,0,387,9
253,676.98,5434,49.79,33705.75,21,17,23,0,222,0,8,0
569,876.72,2774,105.96,92896.9,6,7,0,0,32,0,537,0
287,663.31,1414,52.92,35105.32,12,15,8,0,85,0,194,0
396,833.82,1296,77.95,64996.34,8,8,0,0,9,2,385,0
314,716.46,4094,59.76,42813.14,14,12,10,0,203,2,99,0
147,685.8,1296,29.4,20160.48,8,10,0,0,19,0,122,6
384,774.15,2754,70.7,54730.48,11,10,7,0,37,2,336,2
330,901.73,1296,56.57,51013.65,9,10,0,0,16,0,313,1
91,681.93,2754,17.1,11660.73,4,4,0,0,83,0,8,0
631,891.15,4094,121.98,108705.27,7,7,0,0,93,0,538,0
261,816.05,1296,39.41,32162.49,5,5,0,0,3,0,256,2
519,864.08,1296,96.44,83330.54,13,12,8,0,15,2,494,0
432,893.14,1296,84.79,75733.68,6,6,0,0,10,2,418,2
363,841.58,1296,65.1,54786.06,9,8,0,0,17,0,346,0
14,294.36,1292,2.63,773.95,5,4,0,0,3,2,9,0
641,868.48,1296,123.35,107126.78,9,10,0,0,17,0,624,0
24,212.92,1292,4.55,969.16,4,3,0,0,10,0,12,2
484,880.34,1296,81.39,71648.98,7,6,0,0,16,0,466,2
227,836.88,1296,34.14,28574.99,7,6,0,0,13,0,214,0
41,433.68,1296,7.3,3164.3,7,7,4,0,4,2,30,1
164,723.95,4094,25.01,18103.92,9,8,0,0,153,2,8,1
16,88.19,194,2.91,256.23,5,6,0,0,14,0,0,2
9,116.78,482,1.29,150.31,5,5,0,0,7,2,0,0
12,114.17,417,2.21,252.29,6,6,0,0,12,0,0,0
5,103.8,194,0.97,100.38,2,3,0,0,5,0,0,0
14,193.43,1292,2.55,493.73,4,5,0,0,13,0,1,0
72,410.71,1296,14.39,5909.69,5,5,0,0,11,0,61,0
43,345.07,1414,8.58,2959.3,11,9,8,0,24,2,8,1
111,474.85,5434,21.67,10289.55,15,11,14,0,67,2,23,5
21,147.33,417,2.98,439.21,9,8,4,7,10,0,0,0
28,206.86,1286,4.41,911.3,7,7,0,0,7,2,19,0
187,740.41,4094,37.36,27660.88,8,7,6,0,145,0,36,0
51,372.57,1414,8.49,3163.33,4,5,0,0,31,0,18,2
38,414.63,1414,6.66,2760.05,7,4,4,0,34,0,0,0
23,167.13,1286,4.43,739.81,5,8,0,0,11,0,8,4
9,90.67,146,1.47,133.29,5,4,0,0,6,3,0,0
161,830.27,4094,20.85,17310.75,5,3,0,0,160,1,0,0
15,93.87,194,2.98,279.75,6,6,0,0,12,3,0,0
10,149.8,482,1.66,248.55,6,5,0,0,9,1,0,0
82,405.49,1296,14.32,5808.39,11,9,10,3,9,0,59,1
252,594.0,4094,50.38,29928.78,12,12,8,0,148,0,93,3
59,621.17,4094,7.23,4488.18,5,4,0,0,58,1,0,0
500,606.37,2774,99.68,60445.05,24,18,43,0,432,3,22,0
114,376.06,1418,19.07,7172.74,15,11,10,0,41,2,59,2
117,740.26,4094,22.17,16408.81,9,7,0,0,115,0,0,2
70,760.57,5434,10.5,7987.64,7,4,0,0,68,2,0,0
94,593.54,1418,15.55,9232.09,5,6,0,0,91,3,0,0
46,602.3,1414,8.93,5376.45,6,5,0,0,43,1,0,2
154,666.08,4094,27.82,18527.67,12,12,4,0,147,0,0,3
276,819.16,4094,51.08,41845.08,9,9,0,0,247,1,25,3
80,736.58,4098,11.63,8565.19,7,5,0,0,78,2,0,0
40,439.95,4134,7.95,3497.81,12,8,10,0,28,2,0,0
455,770.93,2774,85.44,65867.94,15,12,14,0,423,0,18,0
339,770.94,4094,61.37,47316.34,13,10,14,0,320,4,0,1
53,535.25,1418,10.21,5464.29,5,5,0,0,49,2,0,2
11,91.36,194,1.48,135.62,3,4,0,0,9,0,0,2
5,346.2,1414,0.85,295.45,4,4,0,0,4,1,0,0
180,781.89,4094,31.8,24864.37,5,4,0,0,180,0,0,0
46,228.22,1418,9.2,2099.04,18,10,14,0,24,8,0,0
228,285.13,1418,44.02,12552.33,15,13,0,0,163,26,34,5
298,837.15,9458,59.59,49884.09,17,15,10,0,222,1,64,1
629,528.02,4094,125.8,66423.45,41,15,26,0,410,2,191,0
348,263.99,2754,68.69,18134.26,54,30,33,0,185,81,31,18
216,301.06,2758,26.98,8123.21,38,15,35,12,79,85,5,0
225,325.11,2762,44.9,14597.53,38,19,58,0,127,20,20,0
65,432.32,1414,10.73,4640.63,20,12,0,0,38,0,21,6
7,296.0,1414,1.13,334.47,3,4,0,0,7,0,0,0
1564,896.87,9458,312.67,280426.99,8,8,8,0,1526,0,30,0
376,752.47,4098,63.28,47613.4,7,7,0,0,374,0,0,2
118,589.74,1418,23.59,13910.07,10,8,4,0,95,0,19,0
201,524.08,1418,40.15,21044.15,21,11,12,0,116,14,57,2
17,93.65,194,2.51,234.66,6,8,0,0,9,4,0,4
250,754.68,4094,49.74,37539.26,4,4,0,0,250,0,0,0
451,771.86,5438,89.49,69072.97,10,9,2,0,449,0,0,0
444,685.37,4098,72.08,49403.87,9,9,4,0,436,0,0,4
54,537.67,1414,10.71,5758.06,10,9,4,0,49,1,0,0
94,468.5,2774,15.46,7242.75,8,9,0,0,89,2,1,2
173,778.64,4094,32.42,25245.99,10,9,0,0,161,1,9,2
100,758.72,1418,18.05,13696.64,4,3,0,0,99,1,0,0
66,497.82,1418,9.85,4904.0,9,6,0,0,61,5,0,0
101,481.5,2754,18.62,8967.01,11,9,6,0,92,3,0,0
160,517.43,2758,30.06,15552.72,12,12,4,0,122,1,27,6
277,691.68,5494,52.54,36342.73,17,9,15,0,262,0,0,0
436,614.78,1418,86.73,53321.44,20,7,16,0,42,97,281,0
124,483.7,1418,24.72,11956.28,9,8,5,0,89,30,0,0
182,344.52,2754,30.77,10599.45,21,16,25,38,111,4,0,4
110,570.71,1418,19.72,11251.81,11,7,8,0,69,4,29,0
291,646.9,4094,57.97,37500.16,12,8,0,0,283,6,0,2
63,238.54,1294,12.34,2944.65,9,9,0,0,25,4,32,2
42,321.6,1414,6.64,2134.09,12,8,0,0,28,1,13,0
56,385.23,1414,8.62,3321.57,10,10,0,0,44,2,10,0
62,737.29,1414,11.94,8802.3,7,7,0,0,56,5,0,1
108,817.11,4094,10.68,8723.18,4,6,0,0,106,1,0,1
45,277.98,1298,8.61,2392.74,11,7,6,0,11,8,20,0
19,87.74,194,3.44,301.43,8,6,0,0,9,6,0,4
192,568.8,2518,35.46,20172.07,19,15,15,12,165,0,0,0
181,652.14,4094,27.71,18071.87,11,11,8,0,169,0,0,4
48,299.4,1298,9.08,2717.71,13,9,4,0,22,0,22,0
28,496.14,1296,4.77,2365.98,2,3,0,0,1,0,25,2
12,207.17,234,2.25,466.44,8,7,0,0,2,0,10,0
202,740.16,4094,39.47,29212.06,6,6,0,0,202,0,0,0
39,427.85,1418,7.78,3328.9,6,8,0,0,39,0,0,0
38,470.95,1418,5.46,2573.17,8,5,0,0,32,6,0,0
236,864.75,8118,47.02,40659.88,5,6,0,0,236,0,0,0
386,526.94,5494,75.29,39673.06,17,8,12,0,317,24,32,1
352,692.98,5494,67.27,46615.14,14,11,7,0,342,0,0,3
183,808.39,5434,24.44,19757.56,11,9,9,0,174,0,0,0
112,621.18,1418,18.28,11353.03,6,7,0,0,108,0,0,4
3,108.0,144,0.59,64.24,2,3,0,0,3,0,0,0
35,744.49,1414,5.07,3774.0,3,3,0,0,35,0,0,0
145,712.14,4094,26.23,18677.69,14,12,0,0,130,6,9,0
10,174.1,482,1.47,255.55,4,5,0,0,7,0,1,2
74,397.28,1414,14.27,5670.32,10,10,7,0,44,0,23,0
11,91.36,150,1.77,161.72,4,6,0,0,7,0,0,4
175,670.85,4094,28.51,19127.15,12,8,6,0,149,0,19,1
38,394.89,1294,5.88,2320.77,7,6,4,0,10,0,23,1
68,489.19,1418,12.17,5951.38,10,8,15,0,53,0,0,0
19,93.21,162,3.79,353.7,10,6,4,0,7,6,0,2
14,187.14,1414,1.52,285.23,4,5,0,0,14,0,0,0
44,526.55,1414,8.8,4633.59,4,5,0,0,44,0,0,0
25,126.76,505,4.12,522.04,7,6,0,0,25,0,0,0
82,439.49,1418,16.29,7157.36,12,12,0,0,72,0,10,0
85,530.81,1418,16.97,9009.4,6,7,1,0,80,0,0,4
81,507.09,1418,12.6,6388.79,8,8,6,0,73,0,0,2
137,835.77,4094,27.2,22730.88,5,5,0,0,137,0,0,0
387,792.42,10798,71.78,56877.22,8,5,0,0,381,6,0,0
204,692.56,2758,35.55,24617.45,7,5,0,0,204,0,0,0
76,606.86,1418,13.32,8084.68,6,8,4,0,70,0,0,2
83,421.24,1418,16.04,6754.71,9,10,0,0,81,0,0,2
306,849.86,6854,33.4,28382.93,10,9,0,0,306,0,0,0
59,642.05,1418,9.7,6227.06,4,4,0,0,59,0,0,0
71,697.83,5494,14.0,9766.15,4,5,0,0,71,0,0,0
230,613.74,4094,45.5,27927.66,25,17,11,0,178,6,33,2
35,466.34,1418,6.31,2943.03,4,7,0,0,28,2,0,5
9,164.22,482,1.38,227.01,5,5,0,0,9,0,0,0
50,561.74,1418,7.26,4078.08,5,5,0,0,50,0,0,0
103,783.51,4094,13.37,10473.02,5,5,8,0,94,0,0,1
28,104.75,359,5.32,557.45,7,10,0,0,9,0,6,13
62,465.35,1414,11.41,5309.57,9,7,8,0,29,0,23,2
7,127.86,417,1.3,166.17,3,5,0,0,5,0,0,2
171,495.36,4094,28.82,14275.44,15,11,18,0,106,6,40,1
7,82.14,102,1.35,110.93,3,5,0,0,6,0,0,1
2,148.0,230,0.28,41.33,2,2,0,0,1,0,1,0
20,157.55,234,3.85,606.36,9,9,0,0,11,0,9,0
110,707.34,2754,19.05,13475.06,7,4,0,0,108,0,0,2
8,101.88,194,1.29,131.01,3,4,0,0,8,0,0,0
83,576.54,1418,14.78,8520.03,8,7,0,0,83,0,0,0
23,75.57,117,4.56,344.76,5,7,0,0,20,0,0,3
20,92.8,194,3.77,349.92,9,7,0,0,13,6,0,1
121,524.55,2758,20.35,10673.2,9,8,12,0,83,0,24,2
57,539.33,1418,10.12,5460.7,4,4,0,0,55,0,0,2
56,488.45,1414,8.97,4383.69,5,4,0,0,56,0,0,0
94,845.6,4094,17.31,14636.3,4,5,0,0,94,0,0,0
52,556.12,1418,8.68,4827.75,5,5,1,0,51,0,0,0
63,228.94,2762,12.08,2764.46,14,12,7,0,44,0,10,2
95,520.84,6854,15.33,7985.97,14,8,12,0,78,1,0,4
172,693.31,4094,33.29,23079.38,12,9,0,0,167,5,0,0
148,870.99,10794,27.63,24066.4,9,8,6,0,142,0,0,0
40,448.15,1418,7.4,3314.55,6,5,0,0,36,0,0,4
60,517.3,1418,11.61,6005.72,6,8,0,0,60,0,0,0
64,504.22,1418,12.43,6266.75,9,9,4,0,60,0,0,0
437,785.05,12138,87.18,68442.7,6,7,0,0,435,0,0,2
137,639.2,12138,26.98,17247.37,4,5,0,0,135,0,0,2
112,688.74,1418,19.75,13601.03,4,5,0,0,112,0,0,0
149,573.17,1418,29.37,16836.26,16,12,4,0,113,6,26,0
173,785.51,4094,33.16,26045.13,5,5,0,0,171,0,0,2
13,144.23,230,2.57,370.8,7,8,0,0,8,0,5,0
68,582.31,1418,11.2,6522.69,8,8,0,0,63,0,5,0
73,614.67,1418,7.84,4818.57,3,3,0,0,73,0,0,0
12,107.67,194,2.31,248.6,5,4,0,0,12,0,0,0
13,153.46,482,1.39,213.32,3,5,0,0,11,0,0,2
99,538.02,1418,18.16,9771.54,14,9,8,0,85,6,0,0
60,517.2,1418,9.0,4656.61,5,5,0,0,56,0,0,4
99,481.08,1418,17.68,8505.7,6,6,0,0,97,0,0,2
58,536.17,1418,10.49,5624.85,5,4,0,0,58,0,0,0
69,618.71,1418,13.62,8427.6,9,8,1,0,68,0,0,0
96,718.95,4094,18.84,13545.49,11,9,7,0,62,0,27,0
65,434.88,1414,8.13,3537.36,9,8,0,0,55,0,6,4
32,288.97,1414,4.89,1412.1,10,9,6,0,25,1,0,0
114,704.39,4094,13.95,9828.21,10,8,0,0,105,5,0,4
374,777.4,3738,60.06,46693.81,12,6,0,0,373,0,0,1
44,382.2,1296,7.47,2856.31,7,8,8,0,8,0,26,2
194,818.22,2754,38.7,31666.37,12,10,8,0,185,0,0,1
320,820.61,5434,63.3,51945.71,12,10,2,0,316,0,0,2
354,767.86,9458,70.09,53818.36,5,5,0,0,354,0,0,0
168,500.89,5438,32.92,16490.12,11,10,9,0,159,0,0,0
119,532.39,1418,22.61,12035.46,9,6,0,0,109,6,0,4
62,628.55,1418,12.4,7791.91,10,9,4,0,52,0,4,2
142,764.49,4094,22.33,17073.76,10,8,0,0,133,3,6,0
17,187.24,1414,2.86,536.0,6,7,0,0,14,1,0,2
41,627.44,1418,6.19,3882.42,4,3,0,0,39,1,0,1
35,455.8,1414,6.27,2856.9,4,6,0,0,34,0,0,1
268,649.06,4094,51.85,33655.46,12,10,8,0,236,0,23,1
7,74.71,102,1.4,104.53,4,4,0,0,6,0,0,1
28,331.68,3734,5.35,1774.5,9,5,0,0,21,6,0,1
99,517.96,1418,19.76,10236.06,10,8,8,0,68,0,22,1
